-- phpMyAdmin SQL Dump
-- version 4.9.5
-- https://www.phpmyadmin.net/
--
-- Host: 127.0.0.1:3306
-- Generation Time: Aug 10, 2020 at 08:24 AM
-- Server version: 10.4.13-MariaDB
-- PHP Version: 7.2.32

SET SQL_MODE = "NO_AUTO_VALUE_ON_ZERO";
SET AUTOCOMMIT = 0;
START TRANSACTION;
SET time_zone = "+00:00";


/*!40101 SET @OLD_CHARACTER_SET_CLIENT=@@CHARACTER_SET_CLIENT */;
/*!40101 SET @OLD_CHARACTER_SET_RESULTS=@@CHARACTER_SET_RESULTS */;
/*!40101 SET @OLD_COLLATION_CONNECTION=@@COLLATION_CONNECTION */;
/*!40101 SET NAMES utf8mb4 */;

--
-- Database: `u624181170_offer`
--

-- --------------------------------------------------------

--
-- Table structure for table `categories`
--

CREATE TABLE `categories` (
  `id` bigint(20) UNSIGNED NOT NULL,
  `name` varchar(255) COLLATE utf8mb4_unicode_ci DEFAULT NULL,
  `icon` varchar(300) COLLATE utf8mb4_unicode_ci DEFAULT NULL,
  `slug` varchar(255) COLLATE utf8mb4_unicode_ci DEFAULT NULL,
  `user_id` bigint(20) UNSIGNED NOT NULL,
  `created_at` timestamp NULL DEFAULT NULL,
  `updated_at` timestamp NULL DEFAULT NULL
) ENGINE=InnoDB DEFAULT CHARSET=utf8mb4 COLLATE=utf8mb4_unicode_ci;

--
-- Dumping data for table `categories`
--

INSERT INTO `categories` (`id`, `name`, `icon`, `slug`, `user_id`, `created_at`, `updated_at`) VALUES
(47, 'Electronic', '1592985799_image.jpg', 'electronic', 9, '2020-05-09 04:17:54', '2020-06-24 14:03:21'),
(48, 'Food', '1593002464_image.jpg', 'food', 9, '2020-05-09 04:17:58', '2020-06-24 18:41:07'),
(49, 'Internet', NULL, 'internet', 9, '2020-05-09 04:18:13', '2020-05-09 04:18:13'),
(50, 'Cloth', NULL, 'cloth', 9, '2020-05-09 04:18:23', '2020-05-09 04:18:23'),
(51, 'Kaffe', NULL, 'kaffe', 16, '2020-05-13 13:06:29', '2020-05-13 13:06:29'),
(52, 'SmartHome', NULL, 'smarthome', 16, '2020-05-18 08:41:43', '2020-05-18 08:41:43'),
(53, 'Tilbehør til telefon/tablets', NULL, 'tilbehor-til-telefontablets', 16, '2020-05-18 09:50:34', '2020-05-18 09:50:34'),
(55, 'Biler', NULL, 'biler', 17, '2020-05-25 10:03:46', '2020-05-25 10:03:46');

-- --------------------------------------------------------

--
-- Table structure for table `failed_jobs`
--

CREATE TABLE `failed_jobs` (
  `id` bigint(20) UNSIGNED NOT NULL,
  `connection` text COLLATE utf8mb4_unicode_ci NOT NULL,
  `queue` text COLLATE utf8mb4_unicode_ci NOT NULL,
  `payload` longtext COLLATE utf8mb4_unicode_ci NOT NULL,
  `exception` longtext COLLATE utf8mb4_unicode_ci NOT NULL,
  `failed_at` timestamp NOT NULL DEFAULT current_timestamp()
) ENGINE=InnoDB DEFAULT CHARSET=utf8mb4 COLLATE=utf8mb4_unicode_ci;

-- --------------------------------------------------------

--
-- Table structure for table `favourites`
--

CREATE TABLE `favourites` (
  `id` bigint(20) UNSIGNED NOT NULL,
  `product_id` bigint(20) UNSIGNED NOT NULL,
  `user_id` bigint(20) UNSIGNED NOT NULL,
  `created_at` timestamp NULL DEFAULT NULL,
  `updated_at` timestamp NULL DEFAULT NULL
) ENGINE=InnoDB DEFAULT CHARSET=utf8mb4 COLLATE=utf8mb4_unicode_ci;

--
-- Dumping data for table `favourites`
--

INSERT INTO `favourites` (`id`, `product_id`, `user_id`, `created_at`, `updated_at`) VALUES
(20, 67058, 18, '2020-05-22 09:28:51', '2020-05-22 09:28:51'),
(21, 67057, 17, '2020-05-23 07:05:57', '2020-05-23 07:05:57'),
(22, 67056, 17, '2020-05-23 07:17:02', '2020-05-23 07:17:02'),
(23, 67055, 17, '2020-05-23 07:17:11', '2020-05-23 07:17:11'),
(26, 67060, 17, '2020-05-25 10:33:19', '2020-05-25 10:33:19'),
(41, 67064, 15, '2020-06-10 16:12:54', '2020-06-10 16:12:54'),
(43, 67049, 16, '2020-06-19 10:00:43', '2020-06-19 10:00:43'),
(44, 67060, 16, '2020-06-19 10:01:51', '2020-06-19 10:01:51'),
(45, 67046, 16, '2020-06-19 11:56:50', '2020-06-19 11:56:50'),
(46, 67059, 17, '2020-06-19 16:09:06', '2020-06-19 16:09:06'),
(48, 67070, 12, '2020-06-24 17:41:46', '2020-06-24 17:41:46'),
(49, 67067, 12, '2020-06-24 17:42:30', '2020-06-24 17:42:30'),
(50, 67069, 12, '2020-06-24 17:45:02', '2020-06-24 17:45:02'),
(51, 67071, 9, '2020-07-02 14:41:05', '2020-07-02 14:41:05'),
(52, 67072, 9, '2020-07-02 14:41:11', '2020-07-02 14:41:11'),
(53, 67048, 16, '2020-07-16 16:07:31', '2020-07-16 16:07:31'),
(54, 67048, 12, '2020-07-16 16:36:53', '2020-07-16 16:36:53'),
(55, 67052, 12, '2020-07-16 16:37:02', '2020-07-16 16:37:02'),
(56, 67055, 9, '2020-07-16 16:43:12', '2020-07-16 16:43:12');

-- --------------------------------------------------------

--
-- Table structure for table `likes`
--

CREATE TABLE `likes` (
  `id` bigint(20) UNSIGNED NOT NULL,
  `session_id` varchar(300) COLLATE utf8mb4_unicode_ci DEFAULT NULL,
  `product_id` bigint(20) UNSIGNED NOT NULL,
  `user_id` bigint(20) UNSIGNED DEFAULT NULL,
  `created_at` timestamp NULL DEFAULT NULL,
  `updated_at` timestamp NULL DEFAULT NULL
) ENGINE=InnoDB DEFAULT CHARSET=utf8mb4 COLLATE=utf8mb4_unicode_ci;

--
-- Dumping data for table `likes`
--

INSERT INTO `likes` (`id`, `session_id`, `product_id`, `user_id`, `created_at`, `updated_at`) VALUES
(57, NULL, 37017, 12, '2020-05-11 08:34:15', '2020-05-11 08:34:15'),
(58, NULL, 67057, 10, '2020-05-18 12:24:47', '2020-05-18 12:24:47'),
(59, NULL, 67055, 10, '2020-05-18 12:24:51', '2020-05-18 12:24:51'),
(60, NULL, 67057, 12, '2020-05-23 21:06:00', '2020-05-23 21:06:00'),
(61, NULL, 67056, 16, '2020-05-25 12:51:06', '2020-05-25 12:51:06'),
(62, NULL, 67055, 16, '2020-05-25 13:09:58', '2020-05-25 13:09:58'),
(63, NULL, 67056, 17, '2020-05-31 05:57:04', '2020-05-31 05:57:04'),
(64, NULL, 67055, 12, '2020-06-02 11:23:56', '2020-06-02 11:23:56'),
(65, NULL, 66816, 12, '2020-06-02 11:23:58', '2020-06-02 11:23:58'),
(66, NULL, 37017, 16, '2020-06-04 11:33:10', '2020-06-04 11:33:10'),
(67, NULL, 67057, 16, '2020-06-04 11:33:17', '2020-06-04 11:33:17'),
(68, NULL, 66816, NULL, '2020-06-18 08:03:19', '2020-06-18 08:03:19'),
(69, NULL, 67049, NULL, '2020-06-18 08:07:13', '2020-06-18 08:07:13'),
(70, NULL, 37017, NULL, '2020-06-18 08:17:05', '2020-06-18 08:17:05'),
(71, NULL, 67065, NULL, '2020-06-18 08:17:07', '2020-06-18 08:17:07'),
(72, NULL, 67051, NULL, '2020-06-18 10:40:08', '2020-06-18 10:40:08'),
(73, NULL, 67060, 16, '2020-06-19 11:58:21', '2020-06-19 11:58:21'),
(74, NULL, 67069, NULL, '2020-06-23 11:50:10', '2020-06-23 11:50:10'),
(75, NULL, 67048, 12, '2020-07-16 16:36:30', '2020-07-16 16:36:30'),
(76, NULL, 67054, 9, '2020-07-16 16:43:20', '2020-07-16 16:43:20');

-- --------------------------------------------------------

--
-- Table structure for table `linked_social_accounts`
--

CREATE TABLE `linked_social_accounts` (
  `id` bigint(20) UNSIGNED NOT NULL,
  `provider_id` varchar(255) COLLATE utf8mb4_unicode_ci NOT NULL,
  `provider_name` varchar(255) COLLATE utf8mb4_unicode_ci NOT NULL,
  `user_id` bigint(20) NOT NULL,
  `created_at` timestamp NULL DEFAULT NULL,
  `updated_at` timestamp NULL DEFAULT NULL
) ENGINE=InnoDB DEFAULT CHARSET=utf8mb4 COLLATE=utf8mb4_unicode_ci;

--
-- Dumping data for table `linked_social_accounts`
--

INSERT INTO `linked_social_accounts` (`id`, `provider_id`, `provider_name`, `user_id`, `created_at`, `updated_at`) VALUES
(2, '37735121', 'github', 9, '2020-05-11 01:21:46', '2020-05-11 01:21:46'),
(3, '39958295', 'github', 11, '2020-05-11 08:24:58', '2020-05-11 08:24:58'),
(4, '19615806', 'github', 12, '2020-05-11 09:06:22', '2020-05-11 09:06:22'),
(5, '61063982', 'github', 15, '2020-05-11 09:14:15', '2020-05-11 09:14:15');

-- --------------------------------------------------------

--
-- Table structure for table `migrations`
--

CREATE TABLE `migrations` (
  `id` int(10) UNSIGNED NOT NULL,
  `migration` varchar(255) COLLATE utf8mb4_unicode_ci NOT NULL,
  `batch` int(11) NOT NULL
) ENGINE=InnoDB DEFAULT CHARSET=utf8mb4 COLLATE=utf8mb4_unicode_ci;

--
-- Dumping data for table `migrations`
--

INSERT INTO `migrations` (`id`, `migration`, `batch`) VALUES
(1, '2014_10_12_000000_create_users_table', 1),
(2, '2014_10_12_100000_create_password_resets_table', 1),
(3, '2016_06_01_000001_create_oauth_auth_codes_table', 1),
(4, '2016_06_01_000002_create_oauth_access_tokens_table', 1),
(5, '2016_06_01_000003_create_oauth_refresh_tokens_table', 1),
(6, '2016_06_01_000004_create_oauth_clients_table', 1),
(7, '2016_06_01_000005_create_oauth_personal_access_clients_table', 1),
(8, '2019_08_19_000000_create_failed_jobs_table', 1),
(9, '2020_04_12_085049_create_categories_table', 2),
(11, '2020_04_14_095251_create_sub_categories_table', 3),
(14, '2020_04_16_063451_create_products_table', 4),
(16, '2020_04_21_152439_create_product_images_table', 5),
(17, '2020_04_23_145350_create_likes_table', 6),
(24, '2020_04_29_081235_create_orders_table', 7),
(25, '2020_04_30_220354_create_user_infos_table', 7),
(26, '2020_05_01_091145_create_order_shipping_infos_table', 7),
(27, '2020_05_04_153111_create_order_payments_table', 8),
(28, '2020_05_07_195141_create_temporary_orders_table', 9),
(29, '2020_05_10_150013_create_linked_social_accounts_table', 10);

-- --------------------------------------------------------

--
-- Table structure for table `oauth_access_tokens`
--

CREATE TABLE `oauth_access_tokens` (
  `id` varchar(100) COLLATE utf8mb4_unicode_ci NOT NULL,
  `user_id` bigint(20) UNSIGNED DEFAULT NULL,
  `client_id` bigint(20) UNSIGNED NOT NULL,
  `name` varchar(255) COLLATE utf8mb4_unicode_ci DEFAULT NULL,
  `scopes` text COLLATE utf8mb4_unicode_ci DEFAULT NULL,
  `revoked` tinyint(1) NOT NULL,
  `created_at` timestamp NULL DEFAULT NULL,
  `updated_at` timestamp NULL DEFAULT NULL,
  `expires_at` datetime DEFAULT NULL
) ENGINE=InnoDB DEFAULT CHARSET=utf8mb4 COLLATE=utf8mb4_unicode_ci;

--
-- Dumping data for table `oauth_access_tokens`
--

INSERT INTO `oauth_access_tokens` (`id`, `user_id`, `client_id`, `name`, `scopes`, `revoked`, `created_at`, `updated_at`, `expires_at`) VALUES
('04031b0010c0cd2c8c2797c0f5957c4284232fb6c06f2e9d2575531f221774a2d20fc16625c227a3', 12, 2, NULL, '[]', 0, '2020-05-26 22:40:44', '2020-05-26 22:40:44', '2021-05-26 22:40:44'),
('1503708a54bd61444958721642dbf939acf2642fab82bd7abbb66f5c6d339b7d4960846cd34be880', 12, 2, NULL, '[]', 0, '2020-05-27 12:35:25', '2020-05-27 12:35:25', '2021-05-27 12:35:25'),
('1e0829a2c4d0d7566018b6ab8a36fca6b182ec03228c1dea5adcdc9fb1759b6e8c3da77f911bad9b', 16, 2, NULL, '[]', 0, '2020-06-19 15:32:12', '2020-06-19 15:32:12', '2021-06-19 15:32:12'),
('35dcdcbac6a2385f472c2101f115854d8cd666954d79f5529dcd0b9350ed1a8c4da26077ca41660b', 12, 2, NULL, '[]', 0, '2020-06-20 06:58:23', '2020-06-20 06:58:23', '2021-06-20 06:58:23'),
('52efa9183ce05c87ef127f3d61eaf3f714268d6cec5641538429fcc34be207690c5320806030c64c', 12, 2, NULL, '[]', 0, '2020-05-27 09:56:25', '2020-05-27 09:56:25', '2021-05-27 09:56:25'),
('543e25f3bd3fff2bc4e9460920f4025c337e472dbd99b071737c86a059d9cd4313641f35661c2fa3', 12, 2, NULL, '[]', 0, '2020-06-03 10:37:27', '2020-06-03 10:37:27', '2021-06-03 10:37:27'),
('662be41a4cdf64a2fcebc38f7bcd3e30b84bf41eae06f1f21e574275d03d41a6d9b36fed1b83df6b', 6, 2, NULL, '[]', 0, '2020-05-08 03:46:26', '2020-05-08 03:46:26', '2021-05-08 09:46:26'),
('7b288dbf14d8d35b0fe9714f835564f388e9d3f531a9301b6570796900db43285e88066f98f28563', 12, 2, NULL, '[]', 0, '2020-06-22 08:39:56', '2020-06-22 08:39:56', '2021-06-22 08:39:56'),
('9b95aacf56c940683bbc7b2f2aee8e465eb2631cb917db46602144e16e10e03ec0bf1a4db6fe520c', 17, 2, NULL, '[]', 0, '2020-05-20 05:59:50', '2020-05-20 05:59:50', '2021-05-20 05:59:50'),
('ac59e39113aeae315b4bf0b3ef037bd2948560e5c2ef67952809dd0708c03f87f882df9444afef4a', 17, 2, NULL, '[]', 0, '2020-05-25 10:03:03', '2020-05-25 10:03:03', '2021-05-25 10:03:03'),
('ba751f6eaa4e241ee584685d1f3e22b87549b2f05bfe588b665ffa1241f738088e0d3061a19c0273', 16, 2, NULL, '[]', 0, '2020-06-04 11:44:57', '2020-06-04 11:44:57', '2021-06-04 11:44:57'),
('c019711bfc6bea2e7980e5b11eb10b17d40c77012e67b07159b8d3424f0730953a53d87a9abb111b', 16, 2, NULL, '[]', 0, '2020-06-23 11:51:16', '2020-06-23 11:51:16', '2021-06-23 11:51:16'),
('c421a0cbeab2cf822d271bd0503a6156356e887c6fbedd278a72207e9904d166d0e3ea22e615ed04', 15, 1, 'login', '[]', 0, '2020-05-11 09:14:15', '2020-05-11 09:14:15', '2021-05-11 09:14:15'),
('c4a8e54751d010ff2e40d24dc3d24b86085c52bf0559dea57938da4b73126d0236d590922ef40953', 17, 2, NULL, '[]', 0, '2020-06-23 13:46:08', '2020-06-23 13:46:08', '2021-06-23 13:46:08'),
('d50f74e4b14b612db0bbb5349d67c75d82855671401f2770ed24cab8aa66b6d07975775c69a11419', 8, 1, 'login', '[]', 0, '2020-05-10 12:38:41', '2020-05-10 12:38:41', '2021-05-10 18:38:41'),
('d5bfda07b9be7b5b899afa40aaed144ecae5bec3341cdef024f641b1d9d43b0d3fcd8c07ee4dfe1c', 9, 2, NULL, '[]', 0, '2020-07-17 23:04:35', '2020-07-17 23:04:35', '2021-07-17 23:04:35');

-- --------------------------------------------------------

--
-- Table structure for table `oauth_auth_codes`
--

CREATE TABLE `oauth_auth_codes` (
  `id` varchar(100) COLLATE utf8mb4_unicode_ci NOT NULL,
  `user_id` bigint(20) UNSIGNED NOT NULL,
  `client_id` bigint(20) UNSIGNED NOT NULL,
  `scopes` text COLLATE utf8mb4_unicode_ci DEFAULT NULL,
  `revoked` tinyint(1) NOT NULL,
  `expires_at` datetime DEFAULT NULL
) ENGINE=InnoDB DEFAULT CHARSET=utf8mb4 COLLATE=utf8mb4_unicode_ci;

-- --------------------------------------------------------

--
-- Table structure for table `oauth_clients`
--

CREATE TABLE `oauth_clients` (
  `id` bigint(20) UNSIGNED NOT NULL,
  `user_id` bigint(20) UNSIGNED DEFAULT NULL,
  `name` varchar(255) COLLATE utf8mb4_unicode_ci NOT NULL,
  `secret` varchar(100) COLLATE utf8mb4_unicode_ci DEFAULT NULL,
  `redirect` text COLLATE utf8mb4_unicode_ci NOT NULL,
  `personal_access_client` tinyint(1) NOT NULL,
  `password_client` tinyint(1) NOT NULL,
  `revoked` tinyint(1) NOT NULL,
  `created_at` timestamp NULL DEFAULT NULL,
  `updated_at` timestamp NULL DEFAULT NULL
) ENGINE=InnoDB DEFAULT CHARSET=utf8mb4 COLLATE=utf8mb4_unicode_ci;

--
-- Dumping data for table `oauth_clients`
--

INSERT INTO `oauth_clients` (`id`, `user_id`, `name`, `secret`, `redirect`, `personal_access_client`, `password_client`, `revoked`, `created_at`, `updated_at`) VALUES
(1, NULL, 'Laravel Personal Access Client', '8oWh7YlgY29uTviUh94ceifMp7qI1uSm5xT3W6jg', 'http://localhost', 1, 0, 0, '2020-03-20 16:39:11', '2020-03-20 16:39:11'),
(2, NULL, 'Laravel Password Grant Client', 'LpweS7qKqCdG8dUjOCYuVPENU4stWeZ2LlMsKg6j', 'http://localhost', 0, 1, 0, '2020-03-20 16:39:11', '2020-03-20 16:39:11');

-- --------------------------------------------------------

--
-- Table structure for table `oauth_personal_access_clients`
--

CREATE TABLE `oauth_personal_access_clients` (
  `id` bigint(20) UNSIGNED NOT NULL,
  `client_id` bigint(20) UNSIGNED NOT NULL,
  `created_at` timestamp NULL DEFAULT NULL,
  `updated_at` timestamp NULL DEFAULT NULL
) ENGINE=InnoDB DEFAULT CHARSET=utf8mb4 COLLATE=utf8mb4_unicode_ci;

--
-- Dumping data for table `oauth_personal_access_clients`
--

INSERT INTO `oauth_personal_access_clients` (`id`, `client_id`, `created_at`, `updated_at`) VALUES
(1, 1, '2020-03-20 16:39:11', '2020-03-20 16:39:11');

-- --------------------------------------------------------

--
-- Table structure for table `oauth_refresh_tokens`
--

CREATE TABLE `oauth_refresh_tokens` (
  `id` varchar(100) COLLATE utf8mb4_unicode_ci NOT NULL,
  `access_token_id` varchar(100) COLLATE utf8mb4_unicode_ci NOT NULL,
  `revoked` tinyint(1) NOT NULL,
  `expires_at` datetime DEFAULT NULL
) ENGINE=InnoDB DEFAULT CHARSET=utf8mb4 COLLATE=utf8mb4_unicode_ci;

--
-- Dumping data for table `oauth_refresh_tokens`
--

INSERT INTO `oauth_refresh_tokens` (`id`, `access_token_id`, `revoked`, `expires_at`) VALUES
('0007eb2e84cf037d570fd3c888f6619146aef99a05392d2cee8134a69920b605b294da965806af20', '52efa9183ce05c87ef127f3d61eaf3f714268d6cec5641538429fcc34be207690c5320806030c64c', 0, '2021-05-27 09:56:26'),
('00b1d50bf4eccfb27ab5742a7158497fe2768da5d090c08b8d1747ccc8a90549a8f61fd97635a5e9', '515ec10f5c2eb955632020a59c93b000400d4fc91554cfa786b7eb87735ef1bd3c1ca87bebd0bfd7', 0, '2021-04-23 15:44:44'),
('01c349cfa2669d265dd874f91495c5a0255c1ae89226070c4147c4501c348ef035368ecc1effbc01', '102d0d7bfe9dc580829547e51fd5e96eddfcea4dd4d4e0a8f22f286dde8b2689d72fbfccc1094d81', 0, '2021-04-19 15:55:19'),
('026ca2f5969e953f5df8cdd43a84a005301d0c6fb55b2633a0dadb8f0c6a58333d18b1af476908c7', '4b021b575289d79c0d3b6f3eab0119c7cb652cb3d18bbacf36d323faa14891474c85e9434f643f41', 0, '2021-05-05 13:26:13'),
('0cc0e8193b67686bb04cba1b7ce08c32cee1969ac05fb3aa2a8a8703fa59fcedf91ab162787a9e04', '0f3ffe9a18bd7a738cd4c44d4e4b9540f9c5ee149c871505a57f12b9af0184826401d33505e3fafe', 0, '2021-05-09 18:26:30'),
('0ece57fcd74a583210fa20874ba2b4dce58be99c3d27061feccdee23047ead2152be3b4b009e8d2a', 'b1fd371a4e64230043cdae837c7072ef68df00f4adc65198ced1d1f30268472f313618e8cf2c2ac0', 0, '2021-05-20 12:18:58'),
('102f4a4e35f82381c15ce98ea0e4c2590609ee10684ae37d0413de1b306d54073dd66565b06f7a8c', '08cd0dc818f434ec7fcab29eed1dbdde8aa6d7f58bfe174dbbc3abbf3d87267e4fa9d3e0ef939b10', 0, '2021-05-25 19:54:15'),
('1065b4eb8c6b8eff132ce5ce568eebde0a1fd563ccb5b8f30f94f99fdea646c559ae43c9cd41eb52', '7adc8d03e2ae2c5443330c8e391e3472ad9e27667abb165058fe04ba9f6a951a006f464bc6d1b105', 0, '2021-03-23 10:35:17'),
('107316b0150edfb074976719626ffe5ddca57cca9e76c7a823a99eeca5e99759e3115c11a209c9a7', 'f9c59ada54270b5c7273d52e0e026ae32da74b6a155de57e3e42829c52af5d080a74f385f7aa56d8', 0, '2021-05-05 13:33:22'),
('12351c0faa7b8ed6e0f19e31ef750c0bc07d825efddd86683db8c54f40975f74ff59a355a2076364', '7b288dbf14d8d35b0fe9714f835564f388e9d3f531a9301b6570796900db43285e88066f98f28563', 0, '2021-06-22 08:39:57'),
('12478505fe3a5815c1f5c89ea8231ff14abd67c51b05099b17a361cb4302b66fc14f9dd4cde06a75', '99e5569a1f1a61031456bcf846595d557b80c5eb134d565c846d8e67aae8886321af388327b0350e', 0, '2021-05-09 18:31:10'),
('14795f71252ae145d576aa4b82004bf47a61520d36a905023ecfd506bbf803debf6db76481f937e7', '7f2cfb5ead541e6d07ab3b22155ce5ea19ec1aad9d8a8ef0653e526da530dbf62d7f67f9a8315a54', 0, '2021-05-08 08:35:38'),
('15be8b142d456000b8e2abd29445479c257fbc9c872fd11455a8f05f512bc598f4f5997de8be3aa7', 'cf18408efdf4790595de0566742f3df01902e744ddad3824b2f5df81de5e5a64f7c12d11fec668a2', 0, '2021-04-19 15:55:50'),
('183d0b5bdcc87611df09aaef7f3a33bd4b8d3aea69f3b7037e9b6477e5b8774865d952aac79b7612', '4a5ad869b3b5fc6cf12ffb54b223958fa090fbde8bdf68f71a15308d105a9674e7b2513f5dd43df9', 0, '2021-03-23 08:47:56'),
('1b276734e491fcdff30ab3998416627e0a00e4b082acf6b488cc1b16ed1af51993c05a35dd60d829', '6740da1e31608b596afb4a529009f40152b51d98a1ad7e7de6f98dc431531984c755368f48f3ed07', 0, '2021-05-19 10:28:08'),
('1b487050152433350867eb933d695332373a0ff96ab29ec99c2ff387025be21fffd17c49c7ce3772', '822a737277b2c7c709f09f81432f3608766ebd626215e024ed8070fdd84e6953d3307cb91e6e4962', 0, '2021-05-09 15:33:51'),
('1b9c3f355b9083babd3f124bfff1963badec772eedc810c1e501c750bad7c3997ce9e160bd8aee53', '123abec8cfe0cb35794068fa0910a1ce2e320e0411e6af11b00c2004430e84c87256fd2c3d70501f', 0, '2021-04-20 08:47:44'),
('1ba6b36ef48485b693ead14905a537907d993c5928c2e2841547dae98f0e002c1df014cc84fe6beb', 'ffe49e488d465da7eda2146c00ca1d5eeb0e7b591329cae9ee04a033273f283fb9a25c2e97a0a894', 0, '2021-07-16 16:17:07'),
('1ec13e5fb51df3ca44f20d9464cca78b1b24c5024e996d26ec117915fac7573cb8b61c670fdabc66', 'bf32118340fd911d9da8dbc5c656356d1515e862fac0635a032bad99afbfb630046bf658dea42465', 0, '2021-06-21 20:01:41'),
('21e76a11e4d66c7c5e1038ff86a281a8a3f25a528a68dae31123f9d182d007ab5302bd2e900db1f0', 'e91c1664c4e3a71bf69547a7add45c8f8a3ae22e72a97355e3f742a833cb2e34d07ce03feea027e5', 0, '2021-05-09 14:38:40'),
('23bb2e68e9115db1a3139295839ee66d52e0b26214e473424482085eab2d93064e4d10acfb3e000b', 'f57ef4053428a289b5c011f394aa585b80638beba79fe6efc638726e4fa1e606849f1d41b117b181', 0, '2021-05-09 12:23:13'),
('2413e23e49300bc915be9fd113f2d8ec84fe18c5324b5a4304d8405f19f9311b3c0c23343cc0ad2b', '38bab9b0a2ce78cab5a1879efcb4e5675c890612dea1693e296f354d92a4ed52ead3876a9cceb46b', 0, '2021-05-22 10:14:50'),
('25cdf4a500299feee5a7a275d74610fe2a2000b0c50d358211e7524d72a6b47d17d09b9351212d3f', '8a22c949dd8542395a6a43890c44a71d7c97e6475e8cae2bd8b40b97bbbfacf8f904040802531556', 0, '2021-05-20 11:52:49'),
('27d49251def37b06760748867855e6f3fe415eae3d9996220784c4d0341641442964c98d6cd7f856', '1503708a54bd61444958721642dbf939acf2642fab82bd7abbb66f5c6d339b7d4960846cd34be880', 0, '2021-05-27 12:35:25'),
('27f0385cf749836dc7eefbef8c09fcea12c681c0934d333f17007a6d1ae130a7d53f1e6103ac1195', '011afb937030e3fb312d3c42188aa1e8cef09ff48871521418e9fb364c91be78dadb78539c7160a2', 0, '2021-03-23 09:57:09'),
('287e71e5ed661d285e188c65aa661034e5597d258c678bb5a5a432b867e5810461e57a8e4ef027d4', 'd43653720f9b1d38a0ae257044f2987200584f3cf5ce646e6cfdc21d40978afed847ef1a9ba27bc7', 0, '2021-05-19 09:51:57'),
('29f7c2cce2ac84925ad340bd0249ff44b281adc77edd1c694d599cb705ba24668752ec02dc4e4f70', '55b9ef8670b942240b993809ea54309981a71de64410214230d0f33d0718821f039cf244ac18ed2b', 0, '2021-03-23 10:59:58'),
('2a27f48d185cdb16a8fddd0d17a8de243d6be1adff8639c38522395aae920c0a53ef9d32e9ba51c8', '1ad875aaeb14d2716f303286c3181c6240e22f6de871d24e541c4f9ebd88c90e2beb5f1dd4655e60', 0, '2021-04-20 08:45:00'),
('2acdfaa8a0e385af400d18b29cbb7b07da5134b290409804d67c318b1b87ebd43a1655291ae1a8ce', '646743e786bd4eb7ee93b4b584175d643a3352421c8d0d833b301854640ca0e17b469ccb582f2899', 0, '2021-04-30 15:57:26'),
('2b39f1ff395310f7242dd6e9b2f5f8079825136a0a4eeeed01019be953796b9e11db6affa02e3b1b', '8d5d2f6d3dbb0775322e5e41aef0e3c2c06e11f65bc39fb76d025f6e53e97c420edd89d0363e7975', 0, '2021-05-04 19:06:00'),
('2bfb720e3b37a0e9414336516c3415b3fc04855bcce320693012178b02bb5eac7c38a90fa2939352', '52559f0f5856275c579b9e50202889fbde28a6a46b099be4e80636c4ef6df9d8096833ebcd2a2fdb', 0, '2021-05-05 12:38:22'),
('2e41d09254604a1e618f1f96618d4d0b5dab1f5ee7013912b84b74019e12f85e121260d0a2950230', 'dffd1ad89ac935ed40a73cf1b4e20477272f7820035e78825f7b4de045c21b9e26697d791cc60889', 0, '2021-05-09 14:31:13'),
('2fdbc57596a3b310256491f316520041f8c7f748ec80c48f891711f27f15688f1cd7c0051996402b', '7696c2fff2878d37ef4721ff2b31b67bcce465f0fad48307842774b16712260b3972ba59b250830a', 0, '2021-06-16 17:00:49'),
('3626cdca5f80900b5909c9eb77ad7be76f7058456e723064c1a62a40a24b8c45feb6940332288fba', '1a361570d2631c6fd1d03b2efc713058f88a3e67fd756e1c239107af638e63ba8eb6c6e61f6aa6c2', 0, '2021-06-21 20:02:14'),
('38e25593e2b565e1b3de92b443c27f5d4661aa0677c26be0a036e9feef075e514aa5f4a585e92eab', 'edd3b8e03f21ac04ca6517e4fc1f3d0d247ccc6d9c3cb74b3f2edcff85abd0f2674ed35a1a249967', 0, '2021-05-11 08:31:15'),
('394e74bd4114d6d0ef49afa431f8d68e41924f6ac769d854be16c73992da248c9564e68115212e35', 'dcda6c4d723c386c4a68f4bfb2166f0b9ece7c1723b459e15fb87786e7387dbd3f137c0271b25171', 0, '2021-05-09 18:24:59'),
('39e9dc384d658673cffe7f47b36d35cb5cbaccf75a1a1d72c0179f7344107d3ff4510e5c4d3e13d4', 'c019711bfc6bea2e7980e5b11eb10b17d40c77012e67b07159b8d3424f0730953a53d87a9abb111b', 0, '2021-06-23 11:51:16'),
('41b188c2ee8749128e9f747a7b99f6641b722f0dd07ebfbf3786170592a1e18a7a1b38eadbde7a73', '604a4540f6d559b82ed2901b6d8c2084391f603c82644ccf7ea822c2def642fae9f0fe36b73fca65', 0, '2021-04-12 09:07:04'),
('442b9761f7fa926ea78fbe2398516e6670f8c47f7219f6ab3db6ae85c46bbc0583f8516a724e4bba', 'f6a3af10ff6295e3960e1ff9ee1d9cd27afb203ac05d6b17b24c19d35cff167a68504862e03130c4', 0, '2021-05-10 09:25:26'),
('44629e0e218d27f201e443c0afd6f58c9237a5f51b6e51cc1e827b5e6c55ac81916bf6cefdfb5320', '2e817b422c6ca1f7da24cb6db2ddd60a27d18af275e62e7787ee234456dfb88ed591419a8154125e', 0, '2021-06-21 20:01:54'),
('454054aced2a3813166b3f79e6eb32b163a3fc772c521d860648d0458ee2a37aa2dd3866917efeca', '2f9f058841657dc3b927da51290a7b2e638796b6c2f27649a48062632001b14a9120b50ba504b6b1', 0, '2021-04-30 20:31:37'),
('48a5acec9ebb63af15ae8c498be45f4830481054e2adda765813f7b4f51dd4c21739c1ced1e5bbed', '5c9a20cac360572b6094c9dd5a1334d9fca637c08f1dccb7635b1bbc6c2bd94bcd750a815f8469e8', 0, '2021-05-05 13:10:23'),
('4b219b151dd1f266641c7b83c3a79fa6586520eeca44f2f857dcf38d6427b8962aa6f54e96e731e2', '4b9f139fb37b6f87faa89c5161827b0e0a4300b8c3ff37047a63c226d3b60e8b24f5e35f8fc57aa3', 0, '2021-03-23 00:46:50'),
('4bc61085f5bbb60f58627a2f4213f456ca5908f37b509f9e362813bf0fbb700aeb9454239dc724c9', '7a10281713c7245316ce214f01814504385e9bc098c2d803f0f36a4b525501b0f69a2c64bb0696aa', 0, '2021-05-15 13:20:22'),
('4c78670f3f71f1a4e0d972a43e90bb4a411cedfecd2c886d681d1291348bcd2a3da3ca553338d3f5', '16aa49c49c590084643a1ea10e835181d064a0f003d28755b965a6bcc027c34bed72cfc3b0d27589', 0, '2021-03-23 00:46:21'),
('4dd0141877229ede6afbbaf320dfeec19069d32a5d596531e1bb060419a965c649e617c898b3a42f', '78f68cf6b2fc8e8d796411da5a4ff24e80a3f0f07898f8bbe28c1ce38a2b1bbdebe993ab9cc6fb77', 0, '2021-06-21 20:02:03'),
('4e7826506d7b50b3e75edf3f3204bb527f783f5a1223577606660a73c70a67b0109cdbcf6ebb0995', '4076b601608390a4de5fb55b0586c16a60c52ab8f87ca8a3e26bed2dd1db500a90f1578cff46b8d8', 0, '2021-04-12 14:55:49'),
('4ec0477facbaff19dcebbd7e79b671bc5e3c76766f3f6e92c3982b1bad9c82a8b7f9a49279c7b9ae', '530dbcb8ee109873b6dc2f83ea69d252022f48a126841733d2d6a3b9bbaa4276a278f9212d8a63bb', 0, '2021-05-10 15:21:38'),
('5052d75addc9f95f00cad3923cffd70ad6021e9f55d6ee90700b000cabc3f49a74d37e66661dd7ba', '03a92d54099365da55cf3cc332890b105fc6982e0f8312e6209cb0d3560ceb639fa643d4fe54058f', 0, '2021-03-23 00:34:49'),
('55a1bd79b501ee696b2eb75b5f22345d90463dde28b1b07e11411e5bdddc1d68c68a60d7b863e348', 'e56b91c60f2fff1a2f3a6f8cb69b7cd75e3958b840142464eb90a3e3decf2fed230c8c8d0b1eb178', 0, '2021-03-23 10:19:40'),
('573370e88a0a652530a48339823c0838b958ac4e51a5bc469b539eecb1ad7ff972b94cf18667b971', '07509722f3f9760c8dc75a898710af7d9db99fca4d945c479507aa4a5a6842b9676db4218f0f852f', 0, '2021-07-01 16:56:15'),
('58608a4413b793784df8311be82fc163fca3d55c72550f073aae7045b82599b5bb5f37bd75df3423', '9704481ed3d5d2ca95dca753a2794c0b78f945961ec64fa41be24308b7093fccbb62e8524a383769', 0, '2021-05-05 08:06:51'),
('5a630c31bdcbe6b8a4da6d9b212936900ecea8dae9811bc0f6b0142b49b758176b4362ec0f7f9204', 'f0fd72dc79d783d2606e3d21a3a57ecfefc15e30386fd19ebdc07d1108c35255e4ca8bb2b0485cc3', 0, '2021-06-23 06:34:55'),
('5d84986bcdf1e302833e31937a071cd1ce82a9e6089b0a8e056657303ca73018d1008da8b035100a', 'd4bc3bf1771b23a92bec6f183c67b672c2a7fde2999ee051b0bcf63d2869d232bc8330ddc88577ba', 0, '2021-07-07 01:51:31'),
('5e0db8fc33ff3523447cf7f6b0a544fec3deb99203d7ce953ee450e8cc38432ada3f2b68f192d075', '97cbad7fb90fd2dca5f1b7a22fec63bb736d248122d4d8ee938525def90ed24204f484c1025cc6fb', 0, '2021-05-14 08:16:35'),
('5f38e440a384be3184997cf33385328812a1e0aca37a64b4a4cf030983d4a22eb903a32105df2454', '6384fd029070f41f4142730d7f90460fc6c8bda29a2c26911182c84915652515c55ef6898a3b78ac', 0, '2021-03-23 00:35:00'),
('5f483ed4a606841161bb145d62b1cda660b1c7a8913f43bc4e7a572f789ae15835281ecd666e63ed', '0b6df33e29b6ed8256b93e63bdba8565b88de7f891b67eee82e8a006af46f006d29a938666742c68', 0, '2021-03-23 10:50:52'),
('61122303351707e4c941303700cdc2dc851dc80ea9cc512ffe6c31b55829d8cbc4461c42cb6459da', 'fc713003fba849b5361e8e1f419e9bb40e5a1f26dcc52b56e8f854c3b7a1174106abe45793e3fc53', 0, '2021-05-25 10:06:52'),
('64d03359f48b9c81b7274036da5c4bc500650b34ec56fe5dd9f986875bf38ec24b74f18ad0117327', '987d983797d3c3b66b8d234cfd897a6f38222cf8a105b859a4ec80a7af8f63f35ae8d5d5f115a129', 0, '2021-06-29 14:26:14'),
('693c7c156623af99d7ab0649753c6b6090a39766f81eb03c359a06cbe24b55992d03430f63a6d4f9', 'b81d51f31942d2ae272da1351a7e6566869e0d1fbd57c69fd9654f147958181d70bd43b774ccb35b', 0, '2021-04-14 10:11:42'),
('69a3ac4632134365a649c7aafffa3e1382673cf856bda902e8f09340283a13f7da7febcb2a1b8bdf', '3d5780404f22251021ae62789ad7760c92425bbc72dd338294539058751b5e8e53c092ade0723167', 0, '2021-05-09 11:57:10'),
('6aab53fe87e9ec1286acd48ab256b5d833fe73654c33c8738f8ff9e2783fc98655b93f69ae862ec2', '95de5935c47b2a1deb9adec3d32f6c7ac65c58aab1013c2d5ae03c81cb6477b896716795f56d9197', 0, '2021-05-19 10:26:43'),
('6b4412e30783f0b9df023fe654acac682e29b5084da5e97a6be9b3181701a449c3ee7f099f98539b', 'e7286aa72f65e7a413be4ab8a9e4358785291659af48a31c3ba5904c56b3efd9af5e87106cec6051', 0, '2021-05-08 08:34:00'),
('6c1bf3f1bc19768ded06a911b069b422181285bf33b0d6f67048ffa5e98965d472ca54773632107c', '5c904364271283c65720b802e224297ec524d7b4538fbcbeb12094df058e0490b8a311a2aeb1a30b', 0, '2021-05-05 13:37:01'),
('6cb152cd562100e0ae5b03d375a803cbca8b8a01c29665f557d76d7a195e4cdd39b6cff1d5f0818f', '855018971b2edca54365b8ff55d5b9bdf0997c30a834a01dba77c598e8a0079f443675fd7698f2d0', 0, '2021-05-20 11:57:13'),
('74e84f3859501c0bc5726af2a55441a1b75841ba4d3bf5fb93f2aec29bc4ad8fc2bc17f25c91b7a3', '39207746e50c8f26f3513cbb1f1f85fc2691dab69e1ffdfdb109bebb99b95d8d14f7bd5353e340ed', 0, '2021-05-04 08:50:52'),
('79786ba227f4470880b5d4187857198d5f79a5fba2ea1cca5e82172ba2fd8404a373537cbf2bf295', '8c81a6affefd131511544681cf83cef590e9f05b35c036adf56b32ca4b8b4fc773b235ac3ad8c044', 0, '2021-05-09 19:30:22'),
('806286123e150eee47454a2126f374a9f7836a391eb3a2b7b42e010bd7be7ad7450435c38674ba0a', 'ec26ca4211dd8d09ac6e087516ea178bef019438d9ac93a176e51b90e21d28effbe88b9f02bf9d48', 0, '2021-06-21 20:02:03'),
('816e94a2df34637aa5eb0752404079bb586068c182f75df63aa01bd4e1e27ea3a9314eec06614c91', '8d40a62d4e9a775c786bb5cff813f874ead7d88a03ff83b04c6ebb19203f15500db6cd7f13ec1b46', 0, '2021-04-19 14:43:15'),
('81b7eb49ff10f00d3be8ecb775e815af3ffb7b45f37ee04519b75db75e6a7b5d11adde39907e465f', 'f0bf8f559b3ad4c9f3c697611f252de88d59eb42f341000070f6ead3fb46a22b6953e97ea5f15849', 0, '2021-05-13 10:13:57'),
('8672a7043bf8742f447549cd0fc138d73c9944072d75be5a678569b352f248b5414987169ea2536a', '2d923419e6b642096a6164fa9d5fff784f64ce1ef7c425636cd28e4691017e1130bec343d4022e30', 0, '2021-04-24 20:48:46'),
('86ad6d2d35db00f8415c18c9c9e9fc22c2db912c4e352090e3923e620c3a7b3f93699f69dc8f2d79', '508c57f654784d6791b71226ba1b4b0edef29e49280814e0da6d47ce3ec825780d8339e1e76e4c2a', 0, '2021-06-21 19:55:35'),
('87e6fb2f09b5c56d00929d92e1f65312709068a757091b2fa2fd71a2a81f9913c975947881b9ee72', 'fd8a6e984d449a1de54f3ebf1307fbeaba06c51635af30a3e286d654e74f6cf5df216b20b2b2b849', 0, '2021-06-02 09:26:51'),
('928fa1051af813c7a6cf770d43261f2ad31a6d21846e4560e64e269c74c211eb398a2b28268f7ac0', '983bb9e30a740e093fc60d58729e52baefe1c65e94f7f5107fad4ef528ab420a542bae25ce700475', 0, '2021-04-30 22:03:24'),
('946f342bf5cb4715427feee8def19a799c8a8ffbcff1498a0112dac479f9adc6eed16d867cb12eb9', '9ce5f2afb7e0ec2ac0425d35fd5a3d42f2343f4d2791bacf91c72fe4d0e40ea097ffe148f61b3601', 0, '2021-04-23 19:47:29'),
('9609e4502e8cef4628fcedd9aab3185c42256ba762fbcc1dc3348f9510c4430211004e54812b085e', '7a4eae9bc8642be34a523ef1e6023f95a8565f518261408dcb2ed2caef38a90883fdd51f608a079c', 0, '2021-04-24 16:31:11'),
('964c1c5d539e5c6ee2bb505de0b6a3d61dc95c0b3570f217cd6d24b3aa3af4db14d2674bd4ab246f', '1c09b1ae055a48ed49a24bbddbff7ce0841292d41618e53477e75d49123b46699135997cf0046278', 0, '2021-03-23 00:33:00'),
('96ce0f6939a181d13e3dd1a08a5f3df18dee507e358e832f8b8fa3c6feba0efca066c44ccbf9208b', 'f271e2c63ca5d567dbea98271386832656ddcb5156ea36ad63727f62a2e7d4b86add2e782b9646c6', 0, '2021-06-18 08:11:04'),
('970df745d2d762a408b04aba05a4573090e2731196ead4b288d0b549a3eb067552e7408ef711c8b5', 'dc18c708e636ebac38e8029e95e386fcc9171864a222c4ee54d539ff59ec23907f35c3f92e289336', 0, '2021-05-10 09:25:10'),
('978927b96d0c05d535a27c5f104501f8ff6f1a7ce878b50efe1f12cda183a8a29cd96cb9fdbbbad7', 'fa6ae67e851f3a56b476fb8fff787c587680f979d512fa59a23392c7a6bfa1493e641b44f777b663', 0, '2021-05-10 13:17:26'),
('9920f874a3bcfd6d1f0cc9673a80d42d85022c9b3a1372e9219ae4a45056d3e1fec1d2d8638de30d', 'fd99b1eed8e3ea8bfa147e63c7127e537074b36741ed24f511b51872c379acba3bed5c025df79236', 0, '2021-05-08 08:28:30'),
('9c0b25a74848f0389b504ac858dfa7d714c23403587ec10e04d2d8329b373d0923ef0531d94d3ef8', '8e89794c044f551aec429b62a940dca7ceac24f689f1d5eae07bb571f1bfe5262533599889919f42', 0, '2021-06-21 20:02:38'),
('9e3e9ab0ac93e791ce2a4bd23699b8999da15c2876b1906f9abe1ffd4f33d4d712858c82559a2974', '915d1801e0a3b4202067a7d63a802451f98a77b02b8cfa9a9c3ee33a4ac5f681b665649ba441af1c', 0, '2021-03-23 10:20:44'),
('9e7975544d78937713d479a042a9b78a83b441c2b034cc7e12efcc49fc682a08bb6870efa482bd95', 'e8ee5f4b34d496dbd88dc214addfdddafd3ee9d09ba120ac9401f48b2c9fb1575c0fd1e2a3a68309', 0, '2021-04-24 15:40:09'),
('9f96ec801d4b6c88ad1ac71e061ea592299bcb685e1f37fd96c15a43f94ec063a7d48817ae20f759', 'ac59e39113aeae315b4bf0b3ef037bd2948560e5c2ef67952809dd0708c03f87f882df9444afef4a', 0, '2021-05-25 10:03:03'),
('a102f438be03465492f0564e9301ca3be91dc6c0ef772cffc01f8755d777031130f2ef1667533a92', '3c547473b005cef96b30cd0a92a4154dd3257ef89c4ab8c6404656082d610cce31c7292a5074e426', 0, '2021-05-10 15:20:38'),
('a248b870b8b7427a4bd50e91cf1483638a8a66f3b63e0e5a84a93cdd27b2d46e1703fdc775981db7', '1b119628e95e8a8f3130714175ff9eb3d9d6a6f317b7cefb26346c5602f6c8d183ae8916555b315d', 0, '2021-06-03 09:14:18'),
('a3e0f7a18d44190a4a56dc1d6f23b47f4b8f6d0d0228093a36584b5cf8d0f53e36013a6284a6fa31', '8587e77018e128abb4c22222bb595fab199e63c27f8ca5d0b12e3bea49c064059a0ab06b85179a4e', 0, '2021-08-07 22:28:47'),
('a418de489f97aab984334e99192008c66eb28f11936374f1d666377b456ae096ed3104194f13ebb0', '8789ce53be8c6729b686bc6ac0353ef876c6e96a1db25f99ed5920f93ca97ecfadf1ddc9505f4094', 0, '2021-05-13 09:31:32'),
('a52b4f6e9ea8e9b9b946ef93e7f1fd247f9b1d526b27fe5132ff5129b34797e7ad8b791536fda8bc', 'c4a8e54751d010ff2e40d24dc3d24b86085c52bf0559dea57938da4b73126d0236d590922ef40953', 0, '2021-06-23 13:46:08'),
('a543a5fea9b6dae150f6f80a3444ba20889afcc2aee2a2821c29951e04ec73d83a828c3e2de60331', '33e7cdbee662c1e3751dbb348831013793c376e3aebb604f34e7906947cfac5334c72b74047fa3de', 0, '2021-04-12 13:10:42'),
('a5473707b12aac982078a9aaee0354ee32fa6ae079edd298168326d890b852c1b8788b3fa25043be', '35dcdcbac6a2385f472c2101f115854d8cd666954d79f5529dcd0b9350ed1a8c4da26077ca41660b', 0, '2021-06-20 06:58:24'),
('a56a88e5479792cc2f65c403934f2f66762eebe7f83da7d50f466600d3daad9b06c4bc4b46e71e6d', '1e0829a2c4d0d7566018b6ab8a36fca6b182ec03228c1dea5adcdc9fb1759b6e8c3da77f911bad9b', 0, '2021-06-19 15:32:13'),
('a7439c1147b4178db8aadc5ab2bfa359f39a872ca52dc7bb70d6984312ed29bfd02ba96ac5eb8695', '662be41a4cdf64a2fcebc38f7bcd3e30b84bf41eae06f1f21e574275d03d41a6d9b36fed1b83df6b', 0, '2021-05-08 09:46:26'),
('a9d4eefd598808109903b29eac4e8333cc857cbb7e036c51cea4059f15ed664d3c35c7e19788fc81', 'f01297a872dfcec3a9dabd98e2637fb3b723fe12a4f7c1fac610eacbab50397cdbe766399db596a7', 0, '2021-05-04 08:45:07'),
('aa7b2f3037fd46ac0fe99816b41da6ac55d5b7577cf4518ad2cf240d93633266566bd5935d9c9931', 'aeae53505903b60e56c1ab2de9837493cbd76b30cdef081cf042cd52fd4e555680bfd2490176d553', 0, '2021-05-09 10:14:18'),
('aadbb244d18bfe2acd47623c675c93847a8b769811a75479b0a5a2a33d288d2d85541f446a8a0fb8', 'b4a5fc28ad8dcffeb1d0b39809da2e3d7ea2daa97b7629df44aa31f2c74e2f2581e7ec915e92d0ad', 0, '2021-03-23 09:52:48'),
('abd9ea3f1c16534c70fba68183d8ef3df5836e9ca9a49f85604df9f5ba51bdb45d144eb4bae64107', '8d848c5015ce4161f27daa13b82d1391b8e02382ba9e55c617fdf4554ad35ce002e427455b257106', 0, '2021-04-23 15:47:48'),
('aeed09141070c6a03d20417efbbca02d5ae07956135e524b38655bc0eba9a72e8792faa576760251', '07d234a1b51ccd28f71b43b11268feec36b14dcd3cfb1ba3cb3ad30ae07cc89300e5dcf6435c9632', 0, '2021-04-30 21:45:17'),
('b216bb139e8ee9f1523fcb2a2c5ab8dca30c19e99c18fe156352235706cdf14ae08c7eb2751f04b5', 'c8d293a2c3ffbe934b1e833577760c3897ec90129e39eb7ad7fb83b58d12f271814eb796042756ec', 0, '2021-04-30 20:36:05'),
('b2a2d522a7afd70680a2ea89ed8a96cfa35d2f8777b616198058d2b26e16d35433569b60858daa75', 'd5bfda07b9be7b5b899afa40aaed144ecae5bec3341cdef024f641b1d9d43b0d3fcd8c07ee4dfe1c', 0, '2021-07-17 23:04:36'),
('b303258c90a63c919fbe68d5c87771dd559823882d9ed441dfa5fa96ffab6acd1623d5df90c38824', '90b8b3105dba3e92e5a4300d23642556ac49d590bba4b24926817714575ae784feeb175fd8b24b78', 0, '2021-05-09 14:46:10'),
('b4b802c808834b102891506750d8dc95c2995cf5c53ec38f637575bde53857fb370be3391c21dad7', 'e26cb76e46316b2acf0e9f962c8f44fd60570f52607cd5b70b4533bfe02da894ad8cd698f02a4dfe', 0, '2021-04-14 08:42:14'),
('b4c0de37eacffa8f022230c5af815ae24bca74b03c6f6c143c8f51e4f2f0e16d2e1dcaa9a2202157', '7d7da54547ac4fc1eecece1dcf8080dcc0621b41ef09aa387859ed6b196178651e946111ee40f626', 0, '2021-05-10 09:25:02'),
('b57dd1de54fc6e41ac9d92b527beaa4ab7b5b9c53a212cfc58723dba81daad43b9cb894d94d98ea9', 'e0b568d47530de8369628c121102cd1392cd2e286447acac686082f9bb31180a4db48d4f87cdc1ef', 0, '2021-07-07 01:44:19'),
('b598a37dc706e1eefea01289e1ea8221500fdcce43fbb87e028770aa74e719f085a7439cd878df58', '131e52843017331408d83f800a0ac1b1d71881c9c9952a2fb687bed2bf5846f5f7631091cddeb69b', 0, '2021-03-23 00:46:42'),
('b75dc481cafd28cd800e09d2049fcaefd638d87e348047fe0c149baca1e28e11c1b9c27ea19bff3e', '43ed4660280c8746464328ac1a3785d3d300bdc14cce349c89a310e2f3dcb27b750f8656df4300eb', 0, '2021-05-07 17:53:50'),
('b83e089aae3d938d2e7c343389d6e2a74365ca869112ffc48301a91e169fc2734e81ef925c383455', '589713850da85e9ecc741284bfba5199a58a99824dfffc4af71ef77322e65d3266a1dc78dd572770', 0, '2021-04-13 04:10:26'),
('bab4d2acb194852d03d5562188b0ecdb8a4cde930f42c3828106992b8ff5e1069d830279c7c81a90', '415c4f7c154cc82c94c483f992528ded797d8296e1b7cfff511fb24578774b9d7e436b1b17a557e7', 0, '2021-05-15 11:36:59'),
('bf3e4c2b587ec1b3b3cc527c579984399eff295d2942a90cfc649e8a5760846418fd9fbf3e6e038d', 'dfe3aa21ecff61d401b1d94bb773792cb19e416f0358e75f884e737a118ddada5e59a3dd8fb92424', 0, '2021-04-23 19:47:40'),
('bfb62943da5ef8fd7d03dd06fe57dcfd284f803c72f39c91b1f60d9464b1a6ab7eeab985ece2fdc6', '7fced317325c9cdfdafb8a38f6cd097e3350b3ecc9e227ccb223af53d419a9223220d831946e6767', 0, '2021-05-09 12:22:35'),
('c0c8c2e31b112d1a036f9de2b1447710cb2074cd836e878e53d69067c0572deb4981ee5776120260', 'c37efb241200d33802d6b61557d3c062c4538d81429851ff3573d10abcc2a2009997d160d23a5330', 0, '2021-05-19 10:25:07'),
('c1e17a5e03bf2f82b0f47f4d6d4779615bb829851c1638286a7963f7c3a35ac55a74ef9d63d47a21', 'b9b2fb1a9fcfd41b462c11cf341626cd5e41c1d9ee34a359041e5eec89f6148be5791e3efeb37117', 0, '2021-05-09 14:34:02'),
('c2b3a07dd2a77c019c5af798a27731c08ae1ae0c6a1adfd73289828826f69e373f28b0258691c9e9', 'f460d64b89e71de03df7cf8d7aee6c36e96f9e851cc71ca8daedefec154354eac768cdbca40c5a57', 0, '2021-05-09 14:41:36'),
('c3bad47d175f194091bba089f4ba9399b49c5afe8ee0e9b1e05b60bdcb88e45b4d6d3f3639c8d38d', '2365bd77fdfcf3971791fd10f57e21839235f029e21377719f06381553a33a10c8c82b55cdca4feb', 0, '2021-04-24 15:31:53'),
('c448eece5acd5c856bf3bca176d4d74d17708852c12b5e838187b18714b0a7c6aa40bdea1d936ce2', '64ff3be470886340d63d90dbdd3000b42808b27919349da16f76ac6c382afe602aba6e48dcdea869', 0, '2021-05-09 12:23:31'),
('c55162f517677bad8867e4be62b1763be819775df3ef0db829ef4b1e0916fd32c5db139fcf78b0fd', '4ded52b8564fd1bdcbfd12caa106de432f7327e4ad07f8d30d3e6f0a4e5e9b2c7529d6ed48d2c120', 0, '2021-06-16 17:01:48'),
('cc13894c4761e475c802ea5092f0efe81f43087c199a7698700e434eb6e5c13bd38fb2109cc9a76a', '82494768473732e33219d271502f790e070b44d566488b902d19972e486f490e45d135014a18c25b', 0, '2021-05-20 12:17:38'),
('cda968d8df8e033d1e2bf245310a3e525a3ef26f11819e75b095c515f154819dd45cbc22448e5253', 'fab9edab7146d9f0ac2589d2fc01c328c105e80fddd016abe8745b7d7cf8d393d58cf029bed43fa3', 0, '2021-05-10 18:01:11'),
('d2da817310c626da837a3bd2e1ce5303fef40291c5bde1b7271046b6e6e9092ff9103e8cfe2fb540', 'df4edc79217484b424faee5a93c148acb7b59a765d7aed232c159c20549a69058a42baf7c09e0cff', 0, '2021-05-09 15:19:19'),
('d3a963dc193fc4c5f1e69a7bd7764bab56a2024cd0e6c80839dad70844ac34e5119ce64619dc36af', '04031b0010c0cd2c8c2797c0f5957c4284232fb6c06f2e9d2575531f221774a2d20fc16625c227a3', 0, '2021-05-26 22:40:44'),
('d4c34817c07bf081c2ad5f8f284653c4a21c17b1085aefc8d68b3149c1f8f98209de00aa58e4d0a9', 'c6338cc0141848f68c6a8b3393e3e164f79ac4cc7b678bfeccb83c3f18d6e86cf6cfe0c18500827a', 0, '2021-04-23 15:16:08'),
('d4e3f60a1dd5aa0d7e5635682cc8b237277b02736ef3679da3fcb860ab3531ccb32b6419c13c3b5f', '30fc98429d952ea80093d413dc405c30af9a6ddbf02353cffae339dfc1486d6b312da15d444344ab', 0, '2021-05-10 15:23:21'),
('d557af389393b94ad1a8394e5acf3339da8bb94a13fad457e0119fa2d6a83b82645a3083de774a67', 'af366405faf1edd07eb536519888ed35e4c42883ac038ca35dcf80f71cd7747b59c2f2cce114b671', 0, '2021-03-23 00:50:00'),
('d6bf92fd300952f70d8c4de18deb6543f107b865c6f0a818c7b0755966bdd573d094f1960880660e', '543e25f3bd3fff2bc4e9460920f4025c337e472dbd99b071737c86a059d9cd4313641f35661c2fa3', 0, '2021-06-03 10:37:27'),
('dd9c0b2a0926498521f5e49afa5441981247d7f6d85660ebbbb047c3143ea3ba430b3c91336e7691', '744829d2c7e034077600a2f608198440348c3d6c9b9cb94bff020825007d29a125ce5166e72f52e7', 0, '2021-05-10 09:24:56'),
('de110e730903e835bb10482fbfa9654925d5675d625abf8441ddf79ddcb3bf7e15446e316058f796', '781b1670c6dd943765775b0d540f297a8f7d33f50eaf60227efeb42b9371962b5e8431573de880be', 0, '2021-05-11 09:08:22'),
('de7ae77a648e0e0d6814c55ae61ef3def19b8cdf525ffb957d2fc43e6719a91d49397759539f4825', 'f8e357e1c20990999fae26c177fa2221c0ecc5b21572524d02a3dc2265399991e285b31afb48a1cc', 0, '2021-04-24 15:43:16'),
('e170e59ee3b4d4ae3d7fc033b048f3ed126621e24236023256ffce93cf88fceaee6f5b073bedaa44', 'fef275ebc106a4e5f5afe63597bdc6741fc0fec623afd99c8b8385c230799804df43ba4085e4265a', 0, '2021-05-10 15:21:23'),
('e28ca03f7d69ac458d2aa727ef3bf4c0e884f9956765065bd477a2daa1be4e759de548ce6e39ffff', 'ca5d3bbcd7a47e7b39f3b2b2c36960f18163960039cee6b98d7e10ae964ea76ed1d32dcc5281b9d9', 0, '2021-04-12 08:44:31'),
('e3bf2b214078dfa85fabc7a553cffb29905ec99645f0a8c8799bc75ba5dda2ca7deccc76ce5549b2', '3a16679a6a0e65528b45e2f515645158c771e99387f4efb51805079ba998a754911d4236350c9d92', 0, '2021-05-08 08:35:15'),
('e76840a4771c35dec82fd8432da09edea84476e0cdce66be9b684ec979e1d0a0247a55f8b6067735', 'ba751f6eaa4e241ee584685d1f3e22b87549b2f05bfe588b665ffa1241f738088e0d3061a19c0273', 0, '2021-06-04 11:44:57'),
('e8c63fbef923b73f83423ad7f9ecfbeb8acda9b422dd0cc87cd2cb0c26e6da9542e4049932f46263', 'e050c0b9a39d4aa2edcdac3850a34b3f9c24933977091207de8b737c6086d1398945a574ff7f176f', 0, '2021-04-23 15:45:11'),
('ea66c1e7577e41b00297f2ae7b62e19abc4e150909148a6d461bffb998b1a3b592106697e9ff4ae4', 'e2a51aeeba5b89442badae14e9cac5071e8aefdf521789ae06166f537f67f911f1d63143df2647e9', 0, '2021-04-21 20:15:37'),
('eb6526d43fa1720a14a3b2f125445e6e1173aee8fa42296fc7da5d47f74507e9f15b47e985f2e0f5', 'c12e5c6867c39c582bf380e47f087a6588cc77faf96938330ab54097bd2544ee94521664596b029c', 0, '2021-05-09 15:08:04'),
('edcb028ee295961fc357cfa1800f0079b98d9b26ae8f1f48fb202c2de55b4a69de8b5e3a97440515', 'c0ad93df3d7b8b732e9cf480a6013edded67584aa32210821419cef3b91add88405c7363af1ab423', 0, '2021-06-03 09:57:52'),
('f07b67df93fa2fe405ae4612a9a749c041c079476e5b430efdfaaba02ac9b590888647089e94b113', '6b0fc90e741bd7aaa6139872ce93e589dfac31a660c1825ec3d635341cfd597bbe53226b34188ab2', 0, '2021-07-16 15:16:42'),
('f0b2a4b378366484f9f4cefec9c326cc61c55e927696540aab0ef453ff2a7bf6f484afaefc451ce4', 'c44a2b61a90fd870fd7c02c7ab8ba02868fa372ea24d710d4eeb59635fe5ded73da43504238bf38c', 0, '2021-04-21 15:56:49'),
('f5584384857746a67ecfff73217c80b8350191d9b1b4fb1f6576caa6d8c6c49a68d2f1e18a5ef8bd', '560190ebf7268d85062817e900b1e0e4294969fb2aca55ad2be7bb5192ab4bd2b612f8a1c22aca32', 0, '2021-05-04 08:46:00'),
('f7705f8ee21d8656d7de4115cce30f49561d2873324e8819c77d6a9a66a3abea0147018d1fcea442', '9b95aacf56c940683bbc7b2f2aee8e465eb2631cb917db46602144e16e10e03ec0bf1a4db6fe520c', 0, '2021-05-20 05:59:50'),
('f829f43ff372f593c3e3f8c293b0ef97f2d70962c61e501262b179026a71641ba95ca7415e34328a', '7b7ba5bfe0166d34b3b1b7f941bf1cb2008570d2f48f3dc80318dd1e43aebab9755628bf4b377de3', 0, '2021-05-19 09:52:05'),
('f95f4cdf0b6341863ec811f8613719773412285e67e4bb9f7a5f2321b217f6be49d9651a87dcdc74', 'f78d493edc23b5631379aaca992d3ea3504aeaede0076d08fe84477b7d7ddb9b623a5e5ff5922116', 0, '2021-04-19 13:09:35'),
('fb00cac8587d9e90b7f559965fcf7889063da3c5bf6c05db54b9e45da1e54c96dab3ef432cde1ce7', '651c3de74dca9173edcd04cca94df12f66e7a941bbae5911eb18f9432266419da515a8b3884bec0e', 0, '2021-05-02 15:04:03'),
('fb781ee9428b19bb2d85d8f772e26162a98039ee77b8ad171afdc8b8dceb16989921c067523e88b8', 'ccceae1cb8e31938ec8a6a76c8fc212b568268a618c8e3ec5ba9fba175f52c310f612182ba04587b', 0, '2021-04-30 15:58:08'),
('fe44b2967c4716993d74fbaf84fdf35a717a8492b27170e09298ed4e25ab1d4b4e512c09dedeaf6b', '9ab790f87ea1d42c0a3d56d52375bb26ad4faf1bd3bf409217bcd0f9efafd6599cc8eed58d7b3af2', 0, '2021-05-10 09:29:15'),
('fe7d0217f5cb30fa5867002e7695a17b5c45c31e922b791fa580965ccba1e983897aa973f1ea842c', 'abc96bccb0c1ccb412c64f641746fb76057db0b6b079c0a41b08e0cdb814bb08bf6cc271a3893640', 0, '2021-05-25 08:23:35'),
('fe9d4f411718d9d60b26137495286744411a7c46090911d087e305e381ed5c7f0fa731761a0c7867', '987197d63aef8d2b78cfd2d57be5a30b7a1e3aef0b902bc4254902e388c487a48ca276a49a6f1be6', 0, '2021-04-23 15:10:06'),
('feaf9baadd6183215b7bc07dd03ccafc470bba4b2d6e4a21de4bf5fda157b056043a0e5268d1e7ab', 'f6656806133fc4ca404dcdf4e147c6895bf06f885fed5dd4c03bfbd492160f812ebd293f5a274a7f', 0, '2021-05-19 10:26:06'),
('ff46511cfe8ee3e2d20ff205dcb81a6436aba46cb4c9956c2bc7006856375c82a391fcfef6e1049e', '57ea44b5a4a5d95fcec6af61b04cfd6d095c045555a2f120eefaef9cd00e90a59305f89d5925bae6', 0, '2021-03-23 00:43:54');

-- --------------------------------------------------------

--
-- Table structure for table `orders`
--

CREATE TABLE `orders` (
  `id` bigint(20) UNSIGNED NOT NULL,
  `custom_order_id` varchar(255) COLLATE utf8mb4_unicode_ci DEFAULT NULL,
  `product_id` bigint(20) UNSIGNED NOT NULL,
  `user_id` bigint(20) UNSIGNED NOT NULL,
  `quantity` int(10) UNSIGNED NOT NULL,
  `join_price` double(8,2) UNSIGNED NOT NULL,
  `current_price` double(8,2) UNSIGNED NOT NULL,
  `total_price` double(8,2) UNSIGNED NOT NULL,
  `is_join_payment_enable` tinyint(1) DEFAULT NULL,
  `is_join_price_paid` tinyint(1) DEFAULT 0,
  `is_full_price_paid` tinyint(1) NOT NULL DEFAULT 0,
  `order_status` tinyint(4) NOT NULL DEFAULT 0,
  `is_canceled` tinyint(4) DEFAULT 0,
  `variations` text COLLATE utf8mb4_unicode_ci DEFAULT NULL,
  `payment_deadline` timestamp NULL DEFAULT NULL,
  `variant_total` float NOT NULL DEFAULT 0,
  `canceled_by` int(11) DEFAULT NULL,
  `created_at` timestamp NULL DEFAULT NULL,
  `updated_at` timestamp NULL DEFAULT NULL
) ENGINE=InnoDB DEFAULT CHARSET=utf8mb4 COLLATE=utf8mb4_unicode_ci;

--
-- Dumping data for table `orders`
--

INSERT INTO `orders` (`id`, `custom_order_id`, `product_id`, `user_id`, `quantity`, `join_price`, `current_price`, `total_price`, `is_join_payment_enable`, `is_join_price_paid`, `is_full_price_paid`, `order_status`, `is_canceled`, `variations`, `payment_deadline`, `variant_total`, `canceled_by`, `created_at`, `updated_at`) VALUES
(158, 'S-002001', 67055, 12, 1, 359.90, 3272.09, 359.90, 1, 1, 0, 0, 0, NULL, '2020-06-16 12:00:00', 0, NULL, '2020-06-04 07:51:26', '2020-06-04 07:51:26'),
(159, 'S-002002', 67055, 12, 2, 359.90, 3272.09, 719.80, 1, 1, 1, 1, 0, NULL, '2020-06-16 12:00:00', 0, NULL, '2020-06-04 07:52:36', '2020-06-04 12:31:02'),
(160, 'C-002003', 37017, 16, 1, 809.40, 7781.00, 809.40, 1, 1, 0, 0, 0, NULL, '2020-06-13 01:00:00', 0, NULL, '2020-06-04 11:38:31', '2020-06-04 11:38:31'),
(161, 'S-002004', 67055, 16, 4, 359.90, 3272.09, 1439.60, 1, 1, 1, 1, 0, NULL, '2020-06-16 12:00:00', 0, NULL, '2020-06-04 11:41:50', '2020-06-04 11:50:26'),
(162, 'C-002005', 37017, 12, 1, 809.40, 7781.00, 809.40, 1, 1, 0, 0, 0, NULL, '2020-06-13 01:00:00', 0, NULL, '2020-06-04 12:29:51', '2020-06-04 12:29:51'),
(163, 'C-002006', 37017, 12, 2, 809.40, 7781.00, 1618.80, 1, 1, 0, 0, 0, NULL, '2020-06-13 01:00:00', 0, NULL, '2020-06-04 12:46:45', '2020-06-04 12:46:45'),
(164, 'C-002007', 37017, 12, 1, 809.40, 7781.00, 809.40, 1, 1, 1, 1, 0, NULL, '2020-06-13 01:00:00', 0, NULL, '2020-06-05 20:58:09', '2020-06-19 11:51:10'),
(165, 'S-002008', 67069, 12, 1, 225.00, 1500.00, 225.00, 1, 1, 0, 0, 0, NULL, '2020-07-03 04:00:11', 0, NULL, '2020-06-19 14:13:59', '2020-06-19 14:13:59'),
(166, 'E-002009', 67049, 16, 2, 18.90, 188.20, 37.80, 1, 1, 1, 1, 0, NULL, '2020-06-28 12:00:00', 0, NULL, '2020-06-19 15:47:32', '2020-06-19 15:47:38'),
(167, 'E-0020010', 67068, 12, 1, 144.00, 1200.00, 144.00, 1, 1, 0, 0, 0, NULL, '2020-07-04 15:00:28', 0, NULL, '2020-06-23 13:35:06', '2020-06-23 13:35:06'),
(168, 'E-0020011', 67068, 12, 1, 144.00, 1160.00, 144.00, 1, 1, 0, 0, 0, NULL, '2020-07-04 15:00:28', 0, NULL, '2020-06-24 19:31:49', '2020-06-24 19:31:49'),
(169, 'E-0020012', 67071, 12, 1, 150.00, 1500.00, 250.00, 1, 1, 0, 0, 0, '[{\"variationID\":12,\"optionID\":25}]', '2020-07-24 12:00:46', 0, NULL, '2020-07-01 19:02:23', '2020-07-01 19:02:23'),
(170, 'K-0020013', 67073, 12, 2, 15.00, 150.00, 130.00, 1, 1, 0, 0, 0, '[{\"variationID\":17,\"optionID\":49}]', '2020-07-24 15:00:00', 0, NULL, '2020-07-03 13:52:35', '2020-07-03 13:52:35'),
(171, 'K-0020014', 67073, 12, 1, 15.00, 147.00, 65.00, 1, 1, 1, 1, 0, '[{\"variationID\":17,\"optionID\":49}]', '2020-07-24 15:00:00', 0, NULL, '2020-07-03 13:57:15', '2020-07-03 14:02:53'),
(172, 'E-0020015', 67072, 12, 1, 150.00, 1500.00, 160.00, 1, 1, 0, 0, 0, '[{\"variationID\":14,\"optionID\":40},{\"variationID\":15,\"optionID\":43},{\"variationID\":16,\"optionID\":46}]', '2020-07-24 12:00:46', 100, NULL, '2020-07-07 15:51:14', '2020-07-07 15:51:14'),
(173, 'E-0020016', 67074, 12, 1, 250.00, 2500.00, 265.00, 1, 1, 0, 0, 0, '[{\"variationID\":18,\"optionID\":52},{\"variationID\":19,\"optionID\":55}]', '2020-07-31 10:00:00', 150, NULL, '2020-07-15 14:31:53', '2020-07-15 14:31:53'),
(174, 'E-0020017', 67072, 12, 1, 150.00, 1485.00, 175.00, 1, 1, 0, 0, 0, '[{\"variationID\":14,\"optionID\":41},{\"variationID\":15,\"optionID\":44},{\"variationID\":16,\"optionID\":47}]', '2020-07-24 12:00:46', 250, NULL, '2020-07-15 15:31:43', '2020-07-15 15:31:43'),
(175, 'E-0020018', 67054, 9, 1, 24.90, 248.60, 24.90, 1, 1, 0, 0, 0, '[{\"variationID\":31,\"optionID\":73}]', '2020-07-31 12:00:00', 0, NULL, '2020-07-16 16:18:42', '2020-07-16 16:18:42'),
(176, 'E-0020019', 67054, 9, 1, 24.90, 248.40, 24.90, 1, 1, 0, 0, 0, '[{\"variationID\":31,\"optionID\":73}]', '2020-07-31 12:00:00', 0, NULL, '2020-07-16 16:20:13', '2020-07-16 16:20:13'),
(177, 'E-0020020', 67054, 9, 1, 24.90, 248.20, 24.90, 1, 1, 0, 0, 0, '[{\"variationID\":31,\"optionID\":73}]', '2020-07-31 12:00:00', 0, NULL, '2020-07-16 16:26:02', '2020-07-16 16:26:02'),
(178, 'E-0020021', 67049, 12, 1, 18.90, 180.64, 18.90, 1, 1, 0, 0, 0, '[{\"variationID\":30,\"optionID\":69}]', '2020-07-29 12:00:00', 0, NULL, '2020-07-17 15:04:10', '2020-07-17 15:04:10');

-- --------------------------------------------------------

--
-- Table structure for table `order_payments`
--

CREATE TABLE `order_payments` (
  `id` bigint(20) UNSIGNED NOT NULL,
  `order_id` bigint(20) UNSIGNED NOT NULL,
  `paymentId` varchar(255) COLLATE utf8mb4_unicode_ci DEFAULT NULL,
  `type` varchar(255) COLLATE utf8mb4_unicode_ci DEFAULT NULL,
  `status` varchar(255) COLLATE utf8mb4_unicode_ci DEFAULT NULL,
  `amount` double(8,2) DEFAULT NULL,
  `created_at` timestamp NULL DEFAULT NULL,
  `updated_at` timestamp NULL DEFAULT NULL
) ENGINE=InnoDB DEFAULT CHARSET=utf8mb4 COLLATE=utf8mb4_unicode_ci;

--
-- Dumping data for table `order_payments`
--

INSERT INTO `order_payments` (`id`, `order_id`, `paymentId`, `type`, `status`, `amount`, `created_at`, `updated_at`) VALUES
(96, 158, '01f900005ed8a7f61af7be044884956d', '1', 'paid', 359.90, '2020-06-04 07:51:26', '2020-06-04 07:51:26'),
(97, 159, '00bf00005ed8a83c1af7be044884956f', '1', 'paid', 719.80, '2020-06-04 07:52:36', '2020-06-04 07:52:36'),
(98, 160, '011a00005ed8dcfb1af7be04488496ef', '1', 'paid', 809.40, '2020-06-04 11:38:31', '2020-06-04 11:38:31'),
(99, 161, '010800005ed8ddeb1af7be04488496fa', '1', 'paid', 1439.60, '2020-06-04 11:41:50', '2020-06-04 11:41:50'),
(100, 161, '029f00005ed8dfee1af7be0448849712', '2', 'paid', 11648.76, '2020-06-04 11:50:26', '2020-06-04 11:50:26'),
(101, 162, '014900005ed8e9381af7be044884976f', '1', 'paid', 809.40, '2020-06-04 12:29:51', '2020-06-04 12:29:51'),
(102, 159, '014800005ed8e9811af7be0448849772', '2', 'paid', 5824.38, '2020-06-04 12:31:02', '2020-06-04 12:31:02'),
(103, 163, '007c00005ed8ed2e1af7be0448849794', '1', 'paid', 1618.80, '2020-06-04 12:46:45', '2020-06-04 12:46:45'),
(104, 164, '020000005edab1cc0e1b9a1988090b13', '1', 'paid', 809.40, '2020-06-05 20:58:09', '2020-06-05 20:58:09'),
(105, 164, '027600005eeca6a454ae4252c0f9fcf4', '2', 'paid', 6904.71, '2020-06-19 11:51:10', '2020-06-19 11:51:10'),
(106, 165, '01b500005eecc819f7985d07fc3941c2', '1', 'paid', 225.00, '2020-06-19 14:13:59', '2020-06-19 14:13:59'),
(107, 166, '012100005eecdd80f7985d07fc39ca07', '1', 'paid', 37.80, '2020-06-19 15:47:32', '2020-06-19 15:47:32'),
(108, 166, '012100005eecdd80f7985d07fc39ca07', '2', 'paid', 37.80, '2020-06-19 15:47:38', '2020-06-19 15:47:38'),
(109, 167, '020a00005ef204fa96086d6fa4fbcac7', '1', 'paid', 144.00, '2020-06-23 13:35:06', '2020-06-23 13:35:06'),
(110, 168, '02bf00005ef355b596086d6fa4fd5253', '1', 'paid', 144.00, '2020-06-24 19:31:49', '2020-06-24 19:31:49'),
(111, 169, '005900005efc8956dab2d096744980f5', '1', 'paid', 250.00, '2020-07-01 19:02:23', '2020-07-01 19:02:23'),
(112, 170, '02cf00005efee3ba32340e88bc047952', '1', 'paid', 130.00, '2020-07-03 13:52:35', '2020-07-03 13:52:35'),
(113, 171, '018000005efee4d132340e88bc04796b', '1', 'paid', 65.00, '2020-07-03 13:57:15', '2020-07-03 13:57:15'),
(114, 171, '006b00005efee62132340e88bc047997', '2', 'paid', 130.50, '2020-07-03 14:02:53', '2020-07-03 14:02:53'),
(115, 172, '002e00005f044586055b558154909d8f', '1', 'paid', 160.00, '2020-07-07 15:51:14', '2020-07-07 15:51:14'),
(116, 173, '02bb00005f0ebee724a0e009fcac6e10', '1', 'paid', 265.00, '2020-07-15 14:31:53', '2020-07-15 14:31:53'),
(117, 174, '010d00005f0eccecd5cb789d20791c8e', '1', 'paid', 175.00, '2020-07-15 15:31:43', '2020-07-15 15:31:43'),
(118, 175, '012f00005f10296ad5cb789d20791fb1', '1', 'paid', 24.90, '2020-07-16 16:18:42', '2020-07-16 16:18:42'),
(119, 176, '014400005f1029c9d5cb789d20791fb6', '1', 'paid', 24.90, '2020-07-16 16:20:13', '2020-07-16 16:20:13'),
(120, 177, '01a900005f102b28d5cb789d20791fbb', '1', 'paid', 24.90, '2020-07-16 16:26:02', '2020-07-16 16:26:02'),
(121, 178, '025600005f116974781ef1a070247c9c', '1', 'paid', 18.90, '2020-07-17 15:04:10', '2020-07-17 15:04:10');

-- --------------------------------------------------------

--
-- Table structure for table `order_shipping_infos`
--

CREATE TABLE `order_shipping_infos` (
  `id` bigint(20) UNSIGNED NOT NULL,
  `order_id` bigint(20) UNSIGNED NOT NULL,
  `name` varchar(255) COLLATE utf8mb4_unicode_ci DEFAULT NULL,
  `email` varchar(255) COLLATE utf8mb4_unicode_ci DEFAULT NULL,
  `address` varchar(255) COLLATE utf8mb4_unicode_ci DEFAULT NULL,
  `city` varchar(255) COLLATE utf8mb4_unicode_ci DEFAULT NULL,
  `zip_code` varchar(255) COLLATE utf8mb4_unicode_ci DEFAULT NULL,
  `phone` varchar(255) COLLATE utf8mb4_unicode_ci DEFAULT NULL,
  `company_name` varchar(255) COLLATE utf8mb4_unicode_ci DEFAULT NULL,
  `cvr_number` varchar(255) COLLATE utf8mb4_unicode_ci DEFAULT NULL,
  `ean_number` varchar(255) COLLATE utf8mb4_unicode_ci DEFAULT NULL,
  `shipping_method_type` varchar(300) COLLATE utf8mb4_unicode_ci DEFAULT NULL,
  `shipping_method_details` text COLLATE utf8mb4_unicode_ci DEFAULT NULL,
  `note` varchar(255) COLLATE utf8mb4_unicode_ci DEFAULT NULL,
  `created_at` timestamp NULL DEFAULT NULL,
  `updated_at` timestamp NULL DEFAULT NULL
) ENGINE=InnoDB DEFAULT CHARSET=utf8mb4 COLLATE=utf8mb4_unicode_ci;

--
-- Dumping data for table `order_shipping_infos`
--

INSERT INTO `order_shipping_infos` (`id`, `order_id`, `name`, `email`, `address`, `city`, `zip_code`, `phone`, `company_name`, `cvr_number`, `ean_number`, `shipping_method_type`, `shipping_method_details`, `note`, `created_at`, `updated_at`) VALUES
(64, 158, NULL, NULL, NULL, NULL, NULL, NULL, NULL, NULL, NULL, NULL, NULL, NULL, '2020-06-04 07:51:26', '2020-06-04 07:51:26'),
(65, 159, NULL, NULL, NULL, NULL, NULL, NULL, NULL, NULL, NULL, NULL, NULL, NULL, '2020-06-04 07:52:36', '2020-06-04 07:52:36'),
(66, 160, NULL, NULL, NULL, NULL, NULL, NULL, NULL, NULL, NULL, NULL, NULL, NULL, '2020-06-04 11:38:31', '2020-06-04 11:38:31'),
(67, 161, NULL, NULL, NULL, NULL, NULL, NULL, NULL, NULL, NULL, NULL, NULL, NULL, '2020-06-04 11:41:50', '2020-06-04 11:41:50'),
(68, 162, NULL, NULL, NULL, NULL, NULL, NULL, NULL, NULL, NULL, NULL, NULL, NULL, '2020-06-04 12:29:51', '2020-06-04 12:29:51'),
(69, 163, NULL, NULL, NULL, NULL, NULL, NULL, NULL, NULL, NULL, NULL, NULL, NULL, '2020-06-04 12:46:45', '2020-06-04 12:46:45'),
(70, 164, NULL, NULL, NULL, NULL, NULL, NULL, NULL, NULL, NULL, NULL, NULL, NULL, '2020-06-05 20:58:09', '2020-06-05 20:58:09'),
(71, 165, NULL, NULL, NULL, NULL, NULL, NULL, NULL, NULL, NULL, NULL, NULL, NULL, '2020-06-19 14:13:59', '2020-06-19 14:13:59'),
(72, 166, NULL, NULL, NULL, NULL, NULL, NULL, NULL, NULL, NULL, NULL, NULL, NULL, '2020-06-19 15:47:32', '2020-06-19 15:47:32'),
(73, 167, NULL, NULL, NULL, NULL, NULL, NULL, NULL, NULL, NULL, NULL, NULL, NULL, '2020-06-23 13:35:06', '2020-06-23 13:35:06'),
(74, 168, NULL, NULL, NULL, NULL, NULL, NULL, NULL, NULL, NULL, NULL, NULL, NULL, '2020-06-24 19:31:49', '2020-06-24 19:31:49'),
(75, 169, NULL, NULL, NULL, NULL, NULL, NULL, NULL, NULL, NULL, NULL, NULL, NULL, '2020-07-01 19:02:23', '2020-07-01 19:02:23'),
(76, 170, 'Chandra Shekhar', 'chandrapub@gmail.com', 'Titangade 3g', 'Copenhagen', '2100', '71594741', NULL, NULL, NULL, NULL, NULL, NULL, '2020-07-03 13:52:35', '2020-07-15 14:39:26'),
(77, 171, NULL, NULL, NULL, NULL, NULL, NULL, NULL, NULL, NULL, NULL, NULL, NULL, '2020-07-03 13:57:15', '2020-07-03 13:57:15'),
(78, 172, NULL, NULL, NULL, NULL, NULL, NULL, NULL, NULL, NULL, NULL, NULL, NULL, '2020-07-07 15:51:14', '2020-07-07 15:51:14'),
(79, 173, NULL, NULL, NULL, NULL, NULL, NULL, NULL, NULL, NULL, NULL, NULL, NULL, '2020-07-15 14:31:53', '2020-07-15 14:31:53'),
(80, 174, NULL, NULL, NULL, NULL, NULL, NULL, NULL, NULL, NULL, NULL, NULL, NULL, '2020-07-15 15:31:43', '2020-07-15 15:31:43'),
(81, 175, NULL, NULL, NULL, NULL, NULL, NULL, NULL, NULL, NULL, NULL, NULL, NULL, '2020-07-16 16:18:42', '2020-07-16 16:18:42'),
(82, 176, NULL, NULL, NULL, NULL, NULL, NULL, NULL, NULL, NULL, NULL, NULL, NULL, '2020-07-16 16:20:13', '2020-07-16 16:20:13'),
(83, 177, NULL, NULL, NULL, NULL, NULL, NULL, NULL, NULL, NULL, NULL, NULL, NULL, '2020-07-16 16:26:02', '2020-07-16 16:26:02'),
(84, 178, NULL, NULL, NULL, NULL, NULL, NULL, NULL, NULL, NULL, NULL, NULL, NULL, '2020-07-17 15:04:10', '2020-07-17 15:04:10');

-- --------------------------------------------------------

--
-- Table structure for table `password_resets`
--

CREATE TABLE `password_resets` (
  `email` varchar(255) COLLATE utf8mb4_unicode_ci NOT NULL,
  `token` varchar(255) COLLATE utf8mb4_unicode_ci NOT NULL,
  `created_at` timestamp NULL DEFAULT NULL
) ENGINE=InnoDB DEFAULT CHARSET=utf8mb4 COLLATE=utf8mb4_unicode_ci;

--
-- Dumping data for table `password_resets`
--

INSERT INTO `password_resets` (`email`, `token`, `created_at`) VALUES
('shuvogoswamii@gmail.com', '$2y$10$4Ykp9rIPLZ.NcFnbuQBhrulZ7WoLAKFGB13v7FDXnSQHhZ0yu8CWi', '2020-06-23 06:34:16'),
('rawscripterx@gmail.com', '$2y$10$aQ3xadfCRj30Atu/R9xWJuKtRdf7QA3Rr5Zs/DAtRYYI4my.YG/eK', '2020-06-23 06:34:26');

-- --------------------------------------------------------

--
-- Table structure for table `products`
--

CREATE TABLE `products` (
  `id` bigint(20) UNSIGNED NOT NULL,
  `event_id` varchar(191) COLLATE utf8mb4_unicode_ci DEFAULT NULL,
  `name` varchar(255) COLLATE utf8mb4_unicode_ci DEFAULT NULL,
  `image` varchar(255) COLLATE utf8mb4_unicode_ci DEFAULT NULL,
  `slug` varchar(255) COLLATE utf8mb4_unicode_ci DEFAULT NULL,
  `short_des` varchar(255) COLLATE utf8mb4_unicode_ci DEFAULT NULL,
  `full_des` text COLLATE utf8mb4_unicode_ci DEFAULT NULL,
  `total_favourites` varchar(255) COLLATE utf8mb4_unicode_ci NOT NULL DEFAULT '0',
  `sub_category_id` bigint(20) UNSIGNED NOT NULL,
  `category_id` bigint(20) UNSIGNED NOT NULL,
  `market_price` double(8,2) DEFAULT NULL,
  `offer_price` double(8,2) DEFAULT NULL,
  `last_price` double(8,2) DEFAULT NULL,
  `product_type` varchar(191) COLLATE utf8mb4_unicode_ci DEFAULT NULL,
  `total_clicks` int(11) NOT NULL DEFAULT 0,
  `total_offer_spots` int(11) DEFAULT NULL,
  `minus_price_user_price` double(8,2) DEFAULT NULL,
  `current_price` float DEFAULT NULL,
  `join_price` float DEFAULT NULL,
  `join_price_percentage` float DEFAULT NULL,
  `max_unit_per_user` int(11) DEFAULT NULL,
  `expire_date` timestamp NULL DEFAULT NULL,
  `order_note` text COLLATE utf8mb4_unicode_ci DEFAULT NULL,
  `offer_start_date` timestamp NULL DEFAULT NULL,
  `total_likes` int(11) NOT NULL DEFAULT 0,
  `user_id` bigint(20) UNSIGNED NOT NULL,
  `is_archive` tinyint(1) DEFAULT 0,
  `created_at` timestamp NULL DEFAULT NULL,
  `updated_at` timestamp NULL DEFAULT NULL
) ENGINE=InnoDB DEFAULT CHARSET=utf8mb4 COLLATE=utf8mb4_unicode_ci;

--
-- Dumping data for table `products`
--

INSERT INTO `products` (`id`, `event_id`, `name`, `image`, `slug`, `short_des`, `full_des`, `total_favourites`, `sub_category_id`, `category_id`, `market_price`, `offer_price`, `last_price`, `product_type`, `total_clicks`, `total_offer_spots`, `minus_price_user_price`, `current_price`, `join_price`, `join_price_percentage`, `max_unit_per_user`, `expire_date`, `order_note`, `offer_start_date`, `total_likes`, `user_id`, `is_archive`, `created_at`, `updated_at`) VALUES
(37017, 'RSMIZ_N7', 'Elta Nienow Jr.', '69b8ac40-864b-11ea-ad3e-75d58cbedf83.png', '01-07-2020-1593603024-elta-nienow-jr', 'So she began thinking over other children she knew, who might do very well to say \'creatures,\' you.', '<p>March Hare. \'He denies it,\' said Alice sadly. \'Hand it over afterwards, it occurred to her that she had been for some time after the birds! Why, she\'ll eat a little bottle on it, or at any rate a book written about me, that there ought! And when I find a thing,\' said the Queen. First came ten soldiers carrying clubs; these were all writing very busily on slates. \'What are they made of?\' Alice asked in a low, hurried tone. He looked at the Queen, who was gently brushing away some dead leaves that lay far below her. \'What CAN all that stuff,\' the Mock Turtle, who looked at it, busily painting them red. Alice thought decidedly uncivil. \'But perhaps he can\'t help that,\' said the Caterpillar. \'Is that all?\' said the Caterpillar. \'Well, perhaps your feelings may be different,\' said Alice; \'I daresay it\'s a very curious sensation, which puzzled her very much to-night, I should think it would all wash off in the world! Oh, my dear paws! Oh my dear Dinah! I wonder what they said. The.</p>', '2', 18, 50, 8181.00, 8094.00, 6000.00, '[\"All\",\"Men\",\"Women\",\"Kids\"]', 112, 121, 66.89, 7714.11, 809.4, 10, 5, '2020-07-02 01:00:00', NULL, '2020-07-01 12:00:00', 0, 12, 1, '2020-05-11 01:26:13', '2020-07-16 14:29:03'),
(37018, '28HR4EX7', 'Dr. Aimee Franecki I', '69b8ac40-864b-11ea-ad3e-75d58cbedf83.png', '01-07-2020-1593602932-dr-aimee-franecki-i', 'And the Gryphon in an offended tone, \'Hm! No accounting for tastes! Sing her \"Turtle Soup,\" will.', '<p>CHAPTER XII. Alice\'s Evidence \'Here!\' cried Alice, with a kind of rule, \'and vinegar that makes them so shiny?\' Alice looked all round the table, but there were three gardeners instantly jumped up, and reduced the answer to it?\' said the King; and the baby violently up and walking away. \'You insult me by talking such nonsense!\' \'I didn\'t know how to spell \'stupid,\' and that is enough,\' Said his father; \'don\'t give yourself airs! Do you think you\'re changed, do you?\' \'I\'m afraid I am, sir,\' said Alice; \'all I know all the things I used to know. Let me see: that would happen: \'\"Miss Alice! Come here directly, and get ready to talk to.\' \'How are you getting on now, my dear?\' it continued, turning to Alice. \'Nothing,\' said Alice. \'I mean what I should think!\' (Dinah was the fan and gloves, and, as she was quite silent for a good opportunity for making her escape; so she went hunting about, and make out exactly what they said. The executioner\'s argument was, that anything that looked like.</p>', '0', 9, 47, 9610.00, 9451.00, 9210.00, '[\"Women\"]', 7, 110, 85.92, 9210, 945.1, 10, 5, '2020-05-10 01:00:00', NULL, '2020-07-01 17:00:28', 0, 12, 1, '2020-05-11 01:26:13', '2020-07-16 14:29:08'),
(66816, 'C2G3AXOJ', 'Karine Deckow', '69b8ac40-864b-11ea-ad3e-75d58cbedf83.png', 'karine-deckow', 'Which shall sing?\' \'Oh, YOU sing,\' said the Dormouse, who was passing at the time they were.', '<p>Alice waited till the puppy\'s bark sounded quite faint in the air. She did it at all,\' said the Gryphon. \'How the creatures wouldn\'t be so easily offended!\' \'You\'ll get used up.\' \'But what did the Dormouse said--\' the Hatter continued, \'in this way:-- \"Up above the world she was now about two feet high: even then she walked on in the window, and on it were white, but there was a long silence after this, and Alice looked very uncomfortable. The moment Alice felt dreadfully puzzled. The Hatter\'s remark seemed to be no chance of getting up and walking away. \'You insult me by talking such nonsense!\' \'I didn\'t write it, and behind it, it occurred to her usual height. It was so much at this, but at last it unfolded its arms, took the least idea what a dear little puppy it was!\' said Alice, \'but I haven\'t had a VERY turn-up nose, much more like a telescope! I think I can say.\' This was quite impossible to say to itself \'The Duchess! The Duchess! Oh my fur and whiskers! She\'ll get me.</p>', '1', 18, 50, 5656.00, 5566.00, 5256.00, '[\"Men\"]', 23, 126, 44.17, 5256, 556.6, 10, 5, '2020-06-12 08:00:00', NULL, '2020-06-09 09:00:00', 0, 12, 1, '2020-05-11 08:47:08', '2020-07-16 14:29:12'),
(67046, 'YC2NVFLV', 'Iphone 7', '65094d30-9370-11ea-8a53-651844ed158e.png', 'iphone-7', 'phone', '<p>phone</p>', '1', 9, 47, 1100.00, 1000.00, 600.00, 'Men', 8, 100, 20.00, 940, 50, NULL, 2, '2020-05-11 11:00:00', NULL, NULL, 0, 12, 1, '2020-05-11 10:15:53', '2020-07-16 14:29:16'),
(67047, '0T_WE5U4', 'Iphone 8', '41c52e10-937b-11ea-a6f5-f9f7b7961499.png', 'iphone-8', 'Iphone 8', '<p>Iphone 8</p>', '0', 9, 47, 1200.00, 1000.00, 800.00, 'Men', 19, 2, 30.00, 910, 50, NULL, 2, '2020-05-11 14:00:00', NULL, NULL, 0, 12, 1, '2020-05-11 11:33:38', '2020-07-16 14:29:20'),
(67048, '7MTV96PZ', '3 i 1 LED oplader med magnetisk hoved 1m', '18a90800-9517-11ea-965e-af1c61b9ee2b.png', '16-07-2020-1594894304-3-i-1-led-oplader-med-magnetisk-hoved-1m', '3 i 1 betyder at du med denne oplader har tre magnetiske hoveder, som du kan skifte mellem. Du kan oplade enheder med type-c, 8pin og micro porte', '<p>Denne oplader har en gennemsigtig overflade med LED lys indeni i farven (hvid/blå). Det gør det muligt for dig at se et flow, når opladeren er sat i stikkontakten og tilknyttet din mobile enhed. Var det noget med en smart ”natlampe” eller noget LED i bilen, så er denne opladere lige noget for dig.&nbsp;</p><p>3 i 1 betyder at du med denne oplader har tre magnetiske hoveder, som du kan skifte mellem. Du kan oplade enheder med type-c, 8pin og micro porte.&nbsp;</p><p>Bliv fortryllet af at se LED lyset og flowet, når din smartphone, tablet eller anden enhed bliver opladt.&nbsp;</p><p>Produktets specifikationer:</p><p>Anvendelse: Kamera, PC, Mobil, Iphone, Android,&nbsp;MP3/MP4 mv.<br>Materiale: Aluminium<br>Ydre: PVC<br>Længde: Vælg mellem 1 eller 2 meter<br>Output: 2.1A<br>Porte: Type C, 8pin, micro<br>Farve: Vælg mellem Blå eller hvid<br>Vægt: 35g</p>', '2', 22, 47, 200.00, 139.00, 109.00, '[\"Men\",\"Women\"]', 25, 100, 0.30, 139, 13.9, 10, 5, '2020-07-23 12:00:00', NULL, '2020-07-16 10:00:00', 1, 16, 0, '2020-05-13 12:41:42', '2020-07-16 17:02:34'),
(67049, '9D4N9J3H', '3 i 1  oplader med roterende magnetisk hoved', 'f218d920-9518-11ea-9e56-cdfa8e3205f6.png', '16-07-2020-1594894354-3-i-1-oplader-med-roterende-magnetisk-hoved', 'Den rette oplader til gameren', '<p>Denne magnetiske oplader har et roterende hoved. Med 3 i 1 menes der at opladeren kan anvendes på enheder som smartphones, tablets mv. der har type-c port, 8 pin port (Iphone) eller micro port. Overfladen af ledningen er udstyret nylon og stof, der giver et fedt look af at det er flettet.&nbsp;</p><p>Tænk ikke over hvor du sidst har gemt dine ”hoveder/stik”, da du med denne magnetiske oplader får et holder som kan sættes fast til ledningen.</p><p>Opladerens roterende hoved på 90 grader gør den ideel for alle os der elsker at spille på vores Smartphone og tablet. Det roterende hoved fjerne udfordringen ved at spille imens man oplader. Vi alle kender til følelsen af at batteriniveauet falder, så hvorfor ikke bruge denne oplader med 2 meter lang ledning uden at blive forstyrret?&nbsp;<br><br>&nbsp;</p><p>Opladerens specifikationer</p><p>Specifikationer:</p><p>Anvendelse: Kamera, PC, Iphone, Android, MP3/MP4 mv.<br>Materiale: Nylon og&nbsp;aluminium<br>Funktion: Opladning (magnetisk)<br>Længe: 2 meter<br>Farve: Sort eller rød<br>Porte: Type C, 8pin, micro</p>', '1', 22, 47, 200.00, 189.00, 139.00, '[\"Women\"]', 28, 50, 1.00, 179.64, 18.9, 10, 5, '2020-07-22 12:00:00', NULL, '2020-07-16 09:00:00', 0, 16, 0, '2020-05-13 12:54:57', '2020-07-29 14:39:58'),
(67050, 'DORV9U9A', 'Hængelås med fingeraftryk', '17305420-951a-11ea-afcc-2b437d592f36.png', '16-07-2020-1594894703-haengelas-med-fingeraftryk', 'Har du glemt hvor nøglen til kælderen ligger? Intet problem bare du har din finger med dig. Med denne hængelås kan du anvende dine fingeraftryk til at låse op for låsen. Smart lås som ikke kræver at du har nøglebundtet med dig.', '<p>Har du glemt hvor nøglen til kælderen ligger? Intet problem bare du har din finger med dig. Med denne hængelås kan du anvende dine fingeraftryk til at låse op for låsen. Smart lås som ikke kræver at du har nøglebundtet med dig.&nbsp;</p><p>Du kan registrere op til 10 forskellige fingeraftryk og låsen har et indbygget batteri, som kan klare op til 6 måneder uden opladning. En fuld opladning gør at du kan scanne din finger i op til 9 tusind gange. Litium batteriet er let opladeligt gennem medfølgende USB kabel. Skulle din lås løbe tør for strøm, så får du den snildt op at køre igen med en nærliggende stikkontakt eller en powerbank.&nbsp;</p><p>Responstiden ligger på ca. 1 sekund for at hængelåsen låses op. Låsen kan også klare temperaturer på -20 grader og helt op på 65 grader.&nbsp;</p><p>Hængelåsens specifikationer:</p><p>Funktion: Lås op med fingeraftryk</p><p>Opladningstid: 1-2 timer<br>Oplåsning: Op til 9000 gange ved en fuld opladning<br>Batteritid: Op til et halvt år<br>Battritype: 3.7V Lithium batteri<br>Temperatur: -20°C til 65°C<br>Strøm: 3.0-4.2V<br>Strømforsyning: Micro USB<br>Antal fingeraftryk: Op til 10<br>Dimensioner: 11x8x2 cm<br>Vægt: 150g</p>', '0', 23, 47, 350.00, 289.00, 229.00, '[\"All\"]', 8, 100, 0.60, 288.4, 28.9, 10, 5, '2020-07-20 12:00:00', NULL, '2020-07-16 09:00:00', 0, 16, 1, '2020-05-13 13:03:08', '2020-07-20 14:34:42'),
(67051, 'MXXZAAZE', 'Aroma Classic', '7becc6d0-951b-11ea-855a-5d33c88323e5.png', '16-07-2020-1594894785-aroma-classic', 'Formalet kaffe fra AromaCoffee', '<p>Klassisk formalet kaffe fra producenten AromaCoffee som kan fås i poser på 500g. Denne kvalitetskaffe er mellemristet og kategoriseret som Balance ud fra producentens fire filtre – Smooth, Balance, Bright og intense.&nbsp;</p><p>Specifikationer:</p><p>Vægt: 500g</p>', '0', 24, 51, 100.00, 89.00, 59.00, '[\"Men\",\"Women\",\"Kids\"]', 11, 100, 0.30, 89, 8.9, 10, 5, '2020-07-30 12:00:00', NULL, '2020-07-16 10:00:00', 0, 16, 0, '2020-05-13 13:13:06', '2020-07-29 14:53:18'),
(67052, '_X4UDY1D', 'Pillow Fight – Premium kaffe', 'f3db9e30-951b-11ea-898f-5b36f64337d7.png', '16-07-2020-1594894804-pillow-fight-premium-kaffe', 'Premium kaffe fra AromaCoffee', '<p>Denne kaffe er fra producenten AromaCoffee. Kaffeposen indeholder 1 kg kaffebønner og ideel til Espresso. Du vil bemærke at smagen er fyldig samt at der er noter af mørk chokolade i kaffen. Pillow Fight Premium Espresse er intens i smagen. Du får kaffe i høj kvalitet og bæredygtig kaffe. Denne premium kaffe er Rainforest certificeret.&nbsp;</p><p>Specifikationer:</p><p>Vægt: 1kg&nbsp;</p>', '1', 25, 51, 289.00, 209.00, 146.00, '[\"Kids\"]', 15, 100, 0.63, 207.74, 20.9, 10, 5, '2020-07-25 12:00:00', NULL, '2020-07-16 10:00:00', 0, 16, 0, '2020-05-13 13:16:28', '2020-07-17 15:02:46'),
(67053, 'PAK6EKQG', 'Short Monday – Kaffe i høj kvalitet', '602e72e0-951d-11ea-a729-15b5e2562d75.png', '16-07-2020-1594895758-short-monday-kaffe-i-hoj-kvalitet', 'Premium hele bønner fra AromaCoffee', '<p>Med Short Monday får du en premium kaffe fra producenten AromaCoffee på 1kg. Du vil ved denne kaffe opleve at smagen er behagelig med noter af karamel og chokolade. Det giver en følelse af friskhed og harmoni. Du får høj kvalitets premium kaffe i bæredygtig karakter. Kaffebønnerne er Rainforest certificerede.<br><br>Short Monday – Specifikation:<br>Vægt – 1kg&nbsp;</p>', '0', 25, 51, 289.00, 209.00, 146.00, '[\"Men\",\"Women\",\"Kids\"]', 21, 100, 0.63, 206.48, 20.9, 10, 5, '2020-07-22 12:00:00', NULL, '2020-07-11 15:00:00', 0, 12, 0, '2020-05-13 13:26:39', '2020-07-16 16:58:31'),
(67054, 'Q_749T_F', 'Læderarmbånd med opladerstik', '004c12a0-95b9-11ea-94a1-dd637249c6ca.png', '16-07-2020-1594894626-laederarmband-med-opladerstik', 'Smart og elegant læder armbånd med USB oplader stik med 8pin til Iphone. Oplad din telefon eller overfør data.', '<p>En smart, funktionel og stilfuld gave til en du har kær? Måske et armbånd der kan mere end det sædvanlige og som kan bruge af både kvinder og mænd.&nbsp;<br><br>Lækkert og smart armbånd med indbygget oplader stik til smartphones, tablet og øvrige enheder med porte til type-C eller 8pin. Dette armbånd har en lækker læderrem og et elegant design med skinnende eller mat flade i zinklegering.&nbsp;</p><p>Du kan bruge stikket til enten at oplade eller overføre data fra bærbar/PC til telefon meget simplet.&nbsp;</p><p>Denne gadget kan du have med overalt og den har en længe på 22,5 cm og en vægt på kun 20g&nbsp;</p><p>Armbåndets specifikationer:</p><p>Specifikationer:</p><p>Type: Læder armbånd med indbygget oplader stik<br>Funktioner: Opladning eller Dataoverførsel<br>Materiale: Læder og Zinklegering<br>Output: 5V 2,4A<br>USB type: Type-C Lighting Android eller Iphone 8pin<br>Dimensioner: 22,5 cm længde<br>Dataoverførsel: USB 2.0 480Mbps<br>Vægt: 20g</p>', '0', 22, 47, 289.00, 249.00, 229.00, '[\"Men\",\"Women\",\"Kids\"]', 29, 100, 0.20, 248, 24.9, 10, 5, '2020-07-24 12:00:00', NULL, '2020-07-16 07:00:00', 1, 16, 0, '2020-05-14 08:00:40', '2020-07-17 23:03:11'),
(67055, 'SA44VOL5', 'Robotstøvsuger - Liectroux C30B', '718cc4b0-98e4-11ea-9d39-3dada4cdf77c.png', '16-07-2020-1594894902-robotstovsuger-liectroux-c30b', 'Rengør hjemmet med denne robotstøvsuger. Vores robotstøvsuger er rig på funktionalitet og ideelt til det smarte hjem. Klik ind på app’en og kom hjem til et rent hjem.', '<p>Denne enhed er udstyret med to slags tanke – én tank til støv med en kapacitet på 600ml og én vandtank med moppe på 350ml. Det gør at du kan støvsuge og rengøre flere overflader.</p><p>Vores intelligente robotstøvsuger tilkobles dit hjemmenetværk gennem Wi-Fi og forbindes med app’en. Herefter kan du anvende den praktiske og udviklede V-børste så du kan støvsuge på overflader som trægulv, tæpper, marmor og keramik.&nbsp;</p><p>Robotstøvsuger funktioner og specifikationer:<br>Kort position – Enheden ved hvor den er henne.<br>2D mappe – Du kan gennem app’en se støvsugede områder<br>App kontrol – Du kan styre alt gennem app’en<br>Smart hukommelse: Det intelligente system gemmer på data<br>Børstefri motor – Støvsugeren har V-børste og side børster og ikke i motoren.<br>Plantegning: Støvsugeren tegner et kort over det støvsugede areal<br>Smart adskillelse – Nøjagtig og god til at adskille rum og skillevægge<br>Enkeltrums rengøring – Kan indstilles til kun at rengøre et bestemt rum<br>Justerbar hastighed – Du bestemmer hvor hurtigt og grundigt det skal være<br>Zigzag rengøring – Får hele gulvet med sig<br>Lang vægge rengøring – Med U-vending funktionen får du alle kanterne med<br>Auto rengøring – Kan indstilles til automatisk rengøring af områder<br>Fokuseret rengøring – Hvis et fast område er valgt&nbsp;<br>Husker glemte steder – Hvis støvsugeren skal oplade sig under rengøring, fortsætter den hvor den slap.<br>Tidsbestemt – Indstil robotten til at støvsuge på bestemte tidspunkter<br>Stemme – Robotten har en stemme, som informere dig om støvsugningen<br>Smart vandtank – med moppe<br>3000Pa Sugeevne – robotstøvsuger med stærk sugeevne<br>Stor støvbeholder – 600ml.&nbsp;<br>Stor vandtank – 350ml.</p><p>Højde: 74mm<br>Moppestørrelse: 316x177x4mm<br>Støvsuger kapacitet: 600ml<br>Vandtank kapacitet: 350ml<br>Spænding: 14.4V<br>Strømstyrke: 28W<br>Opladning: Automatisk/Manuelt<br>Batteritid: 100min.<br>Batteri: 2500MAH li-ion<br>Operationstemperatur: -10°C&nbsp;- 45°C&nbsp;<br>Certifikater: CE, FCC, RoHS<br>Nettovægt: 2,7kg</p><p>V-forms børste forhindre ”anti-twining”, altså at den sidder fast. Samtidig er børsten form med til at der støvsuges støv, bønner, aske, rester, partikler, hår og flydende støv.&nbsp;</p><p>Som mange andre Smarthome produkter vi har på JoinOffers anvender vi med denne robotstøvsuger samme app udbyder, så du ikke skal fifle rundt mellem flere app, men blot bruge en app til dine Smarthome enheder.&nbsp;</p>', '5', 26, 52, 3699.00, 3599.00, 3299.00, '[\"Men\",\"Women\"]', 77, 100, 3.00, 3272.09, 359.9, 10, 5, '2020-08-01 13:00:00', NULL, '2020-07-17 08:00:00', 0, 16, 0, '2020-05-18 08:49:11', '2020-07-29 14:38:24'),
(67056, 'HBLJQUTO', 'Smart Wi-Fi Alarm - IS-G300', '460ed2b0-98e8-11ea-a901-811fde52a77c.png', '16-07-2020-1594895048-smart-wi-fi-alarm-is-g300', 'Denne og andre produkter i vores SmartHome kategori, kan alle tilknyttes samme app.', '<p><strong>Smart alarmsystem til dit hjem.</strong></p><p>Vi kender alle matematikken – et sikkert hjem er lig med et alarmsystem. Hvorfor ikke have et smart alarmsystem rig på funktionalitet og som giver dig en tryghed ikke mindst når du er ude, men også når du er hjemme. Alarmen fungerer også ideelt til husdyrsejere, da du vil modtage en notifikation, hvis dit kæledyr bryder ud. Omvendt får du også besked hvis nogen prøver at bryde ind i dit hjem.&nbsp;</p><p>Det får du med i startpakken for smart alarmen:<br>1x Kontrolpanel<br>2x Fjernbetjeninger<br>1x Dør/vinduemagnet<br>2x Chip/brikker<br>1x Bevægelsesdetektor<br>1x Sirene</p><p>Selve enheden er let betjenelig og opsætningen kræver ikke en montør. En smule håndkraft og en smartphone, så du godt kørende med dit alarmsystem. Du kan koble kontrolpanelet til dit Wi-Fi netværk og isætte et SIM-kort hvis du ønsker at enheden også skal sende SMS og ringe dig op. Du kan gennem app’en styre systemet og indstillingerne.&nbsp;<br><br>De to fjernbetjeninger kan bruges hvis så du som med bilen kan slå alarmen til, fra, på hjemmefunktion eller SOS i tilfælde af at du befinder dig i dit hjem, imens nogen prøver at bryde ind. Du kan indstille en kode til samme formål eller anvende de to RFID-chips. Kontrolpanelet har ligeledes SOS knappen. Sirenen lydstyrke er høj og denne går i gang i tilfælde af at dør/vinduemagneten ikke møder hinanden eller at bevægelsesdetektoren opfanger bevægelser i hjemmet.&nbsp;</p><p>Vores smarte alarmsystem kan ligeledes som de øvrige begivenheder i kategorien for SmartHome styres gennem samme app. Du kan dermed have alt samlet et sted.&nbsp;</p><p>&nbsp;</p>', '3', 27, 52, 2199.00, 1999.00, 1799.00, '\"All\"', 57, 50, 4.00, 1993, 199.9, 10, 5, '2020-07-27 12:00:00', NULL, '2020-07-16 10:00:00', 0, 16, 0, '2020-05-18 09:16:37', '2020-08-06 16:34:20'),
(67057, 'KXWMJSOP', 'Telefonholder til bagsædet', 'caa10210-98ed-11ea-95af-d14a30a69e6d.png', '16-07-2020-1594888306-telefonholder-til-bagsaedet', 'Skab din egen underholdning på bagsædet. Hvad med en lille bilbio?', '<p><strong>Underholdning på bagsædet</strong></p><p>Med denne magnetiske telefonholder kan du underholde passagererne på bagsædet under turen. Du skal blot sætte enheden på nakkestøtten og placere magnet brikken på din telefon. Du har også mulighed for at sætte en tablet op, såfremt det er to magnetholdere på nakkestøtten.&nbsp;</p><p>Glæd de små på turen med en film eller nogle videoer med deres favorit figurer. Vi ved det kan være svært at holde sig stille, så hvorfor ikke have sin egen ”bil bio”?.&nbsp;<br><br>Du har mulighed for at anvende produktet i alle vinkler, da du kan dreje telefonen med 360 grader.&nbsp;</p><p>Telefon holderens specifikationer:</p><p>Type: Fleksibel telefon holder<br>Anvendelse: Til bil&nbsp;<br>Funktion: 360 grader<br>Vægt: 120g</p><p>&nbsp;</p>', '4', 29, 53, 183.00, 139.00, 99.00, '[\"Men\",\"Women\",\"Kids\"]', 52, 100, 0.40, 139, 13.9, 10, 5, '2020-07-25 12:00:00', NULL, '2020-07-15 12:00:00', 0, 16, 0, '2020-05-18 09:56:07', '2020-08-06 16:34:00'),
(67058, '6ZON8P35', 'Iphone 6', 'e1578600-9904-11ea-a4b3-678dd598b178.png', 'iphone-6', 'Iphone 6', '<p>The <strong>iPhone</strong> is a smartphone made by Apple that combines a computer, iPod, digital camera and cellular phone into one device with a touchscreen</p>', '1', 21, 47, 3000.00, 2500.00, 2000.00, 'Men', 37, 100, 50.00, 2450, 100, NULL, 3, '2020-05-22 14:00:00', NULL, '2020-05-18 11:00:00', 0, 12, 1, '2020-05-18 12:41:23', '2020-07-16 14:31:56'),
(67059, 'YJ8S6626', 'Apple watch', 'ecaa7810-9a8d-11ea-9bd6-490296b504b2.png', 'apple-watch', 'Hold styr på dit helbred og øg din motivation med en fed playliste, mens du dyrker sport.', '<p>Hold styr på dit helbred og øg din motivation med en fed playliste, mens du dyrker sport. Med det uforlignelige Apple Watch Series 3, der har et fantastisk design og slank konstruktion, er dette muligt.</p>', '1', 30, 47, 2500.00, 2000.00, 1500.00, 'Men', 54, 50, 50.00, 1800, 100, NULL, 2, '2020-05-20 11:00:00', '<p>Hold styr på dit helbred og øg din motivation med en fed playliste, mens du dyrker sport.</p><p>Hold styr på dit helbred og øg din motivation med en fed playliste, mens du dyrker sport.</p>', '2020-05-20 11:00:00', 0, 12, 1, '2020-05-20 11:34:54', '2020-06-25 18:59:35'),
(67060, '8HQ0Y81N', 'Tesla S', '08138740-9e73-11ea-81b6-2f6370a1a56a.png', 'tesla-s', 'Test', '<p>test</p>', '2', 31, 55, 500000.00, 499000.00, 460000.00, 'All', 11, 50, 1000.00, 499000, 10000, NULL, 2, '2020-06-10 11:00:00', '<p>test</p>', '2020-05-26 11:00:00', 1, 17, 1, '2020-05-25 10:26:36', '2020-07-16 14:32:03'),
(67061, '7FI68A9P', 'Tesla SL', '36c18d20-9e72-11ea-bb4e-93fcc69a27d9.png', 'tesla-sl', 'Test', '<p>test</p>', '0', 31, 55, 500000.00, 499000.00, 460000.00, 'All', 6, 50, 1000.00, 498000, 10000, NULL, 2, '2020-06-10 11:00:00', '<p>test</p>', '2020-05-25 11:00:00', 0, 17, 1, '2020-05-25 10:26:49', '2020-07-16 14:32:08'),
(67062, 'WLUNT_TE', 'Tesla S', '372df4c0-9e72-11ea-8a36-fdca7e85f0ed.png', 'tesla-s', 'Test', '<p>test</p>', '0', 31, 55, 500000.00, 499000.00, 460000.00, 'All', 0, 50, 1000.00, 499000, 10000, NULL, 2, '2020-06-10 11:00:11', '<p>test</p>', '2020-05-26 11:00:11', 0, 17, 1, '2020-05-25 10:26:49', '2020-07-16 14:32:11'),
(67064, '9WDKSIJI', 'Watch', 'e8092620-a989-11ea-ae2a-b7d8dde7d65e.png', '22-06-2020-watch', 'Watch', '<p>Watch</p>', '1', 30, 47, 1000.00, 800.00, 500.00, '[\"Men\"]', 15, 20, 40.00, 800, 80, 10, 3, '2020-06-12 15:00:00', NULL, '2020-06-08 15:00:00', 0, 12, 1, '2020-06-08 13:13:56', '2020-07-16 14:32:18'),
(67065, 'EN02VD5E', 'Iphone', '8f458210-a98a-11ea-8f3f-cb4d9d0cd4a4.png', 'iphone', 'Iphone', '<p>Iphone</p>', '0', 21, 47, 2000.00, 1500.00, 1000.00, '[\"Women\",\"Kids\"]', 3, 100, 15.00, 1500, 75, 5, 3, '2020-06-12 15:00:00', '<p>Iphone</p>', '2020-06-09 15:00:00', 0, 12, 1, '2020-06-08 13:18:36', '2020-07-16 14:32:21'),
(67066, 'J8RHTEJ5', 'Apple watch', '98394dd0-b22b-11ea-8cf6-7bbb2a1bfa0e.png', '22-06-2020-apple-watch', 'Watch', '<p>Watch</p>', '0', 30, 47, 1000.00, 800.00, 600.00, '[\"Men\",\"Women\"]', 4, 100, 8.00, 800, 40, 5, 3, '2020-06-23 14:00:00', '<p>Watch</p>', '2020-06-19 02:00:00', 0, 12, 1, '2020-06-19 12:51:30', '2020-07-16 14:32:33'),
(67067, '4Q71GJ1T', 'Phone', '5039dba0-b22c-11ea-b423-076fc7bd5487.png', '24-06-2020-1592983573-phone', 'Iphone', '<p>Iphone</p>', '1', 21, 47, 2000.00, 1800.00, 1500.00, '[\"Men\",\"Women\",\"Kids\"]', 10, 50, 36.00, 1800, 180, 10, 4, '2020-06-29 14:00:00', NULL, '2020-06-24 14:00:00', 0, 9, 1, '2020-06-19 12:56:38', '2020-07-16 14:32:39'),
(67068, 'F85WUK61', 'Watch', 'c5577400-b230-11ea-b86f-e7966d5cdf1b.png', 'watch', 'New watch', '<p>New watch with new look</p>', '0', 30, 47, 1500.00, 1200.00, 1000.00, '[\"Men\",\"Women\"]', 19, 30, 40.00, 1120, 144, 12, 3, '2020-06-27 15:00:28', NULL, '2020-06-19 15:00:28', 0, 12, 1, '2020-06-19 13:28:32', '2020-07-16 14:32:43'),
(67069, 'E9ZRWLQV', 'Laptop', 'e1d9c840-b236-11ea-913b-87290f974f3c.png', '24-06-2020-1592984544-laptop', 'Test product', '<p>test product</p>', '1', 26, 52, 2000.00, 1500.00, 1000.00, '[\"Men\",\"Women\"]', 20, 100, 15.00, 1485, 225, 15, 5, '2020-06-26 04:00:00', NULL, '2020-06-24 14:00:10', 0, 9, 1, '2020-06-19 14:12:18', '2020-07-16 14:32:47'),
(67070, 'H4UUUXDC', 'Apple watch new', '5e5d75d0-b3f9-11ea-8dd0-69e3fd1b842f.png', '22-06-2020-apple-watch-new', 'Hello world', '<p>hello</p>', '1', 9, 47, 1000.00, 110.00, 80.00, '[\"Men\",\"Women\",\"Kids\"]', 35, 1, 110.00, 110, 0, 0, 5, '2020-07-01 01:00:00', '<p>hello</p>', '2020-06-21 01:00:00', 0, 12, 1, '2020-06-21 19:57:00', '2020-07-16 14:33:07'),
(67071, 'KSOV70F3', 'Watch', 'e55cccf0-bb8d-11ea-ab6d-cdb88f3e3ac0.png', '01-07-2020-1593602870-watch', 'watch', '<p>watch</p>', '1', 30, 47, 2000.00, 1500.00, 1000.00, '[\"Women\"]', 73, 100, 15.00, 1485, 150, 10, 3, '2020-07-17 12:00:46', NULL, '2020-07-01 12:00:46', 0, 12, 1, '2020-07-01 17:27:50', '2020-07-16 17:01:45'),
(67072, '2E52II9R', 'Watch', 'e3e34990-bb8d-11ea-af65-6b29ae2750c4.png', '01-07-2020-1593602867-watch', 'watch', '<p>watch</p>', '1', 30, 47, 2000.00, 1500.00, 1000.00, '[\"Women\"]', 66, 100, 15.00, 1470, 150, 10, 3, '2020-07-17 12:00:46', NULL, '2020-07-01 12:00:46', 0, 12, 1, '2020-07-01 17:27:50', '2020-07-16 14:28:22'),
(67073, 'XG2393CL', 'Coffe', '76cec840-bc64-11ea-909d-ddcc51892fcf.png', '03-07-2020-1593763307-coffe', 'Coffe', '<p>Coffe</p>', '0', 25, 51, 200.00, 150.00, 100.00, '[\"Men\",\"Women\"]', 9, 100, 1.50, 145.5, 15, 10, 2, '2020-07-03 07:00:00', '<p>Coffe</p>', '2020-07-02 15:00:00', 0, 12, 1, '2020-07-02 19:03:47', '2020-07-16 14:33:10'),
(67074, 'JHCYLRUA', 'Ordinary watch', '576ce2f0-c674-11ea-8751-6f028e150315.png', '15-07-2020-1594801465-ordinary-watch', 'Cellular service for your watch. For more info about getting service for your watch, check with your carrier.\nCellular service for your phone.', '<ul><li>Cellular service for your watch. For more info about getting service for your watch, check with your carrier.</li><li>Cellular service for your phone.</li><li>SIM card for your watch</li><li>Your carrier’s messaging app, like <a href=\"https://play.google.com/store/apps/details?id%3Dcom.google.android.apps.messaging%26hl%3Den\">Messenger</a> from AT&amp;T or <a href=\"https://play.google.com/store/apps/details?id%3Dcom.verizon.messaging.vzmsgs\">Messages</a> from Verizon.</li></ul>', '0', 30, 47, 3000.00, 2500.00, 2000.00, '[\"Men\",\"Women\"]', 21, 100, 5.00, 2495, 250, 10, 5, '2020-07-24 10:00:00', '<ul><li>Cellular service for your watch. For more info about getting service for your watch, check with your carrier.</li><li>Cellular service for your phone.</li><li>SIM card for your watch</li><li>Your carrier’s messaging app, like <a href=\"https://play.google.com/store/apps/details?id%3Dcom.google.android.apps.messaging%26hl%3Den\">Messenger</a> from AT&amp;T or <a href=\"https://play.google.com/store/apps/details?id%3Dcom.verizon.messaging.vzmsgs\">Messages</a> from Verizon.</li></ul>', '2020-07-15 10:00:00', 0, 12, 1, '2020-07-15 14:22:37', '2020-07-17 23:04:38'),
(67075, 'MTI2QRGH', 'Watch', '93f736c0-d7d9-11ea-9d55-ad94aaeb0239.png', '06-08-2020-1596714007-watch', 'A watch is a portable timepiece intended to be carried or worn by a person.', '<p>A watch is a portable timepiece intended to be carried or worn by a person. It is designed to keep a consistent movement despite the motions caused by the</p>', '0', 30, 47, 3000.00, 2500.00, 2000.00, '[\"Men\",\"Women\",\"Kids\"]', 3, 100, 5.00, 2500, 250, 10, 4, '2020-08-21 13:00:39', '<p>A watch is a portable timepiece intended to be carried or worn by a person. It is designed to keep a consistent movement despite the motions caused by the</p>', '2020-08-06 13:00:39', 0, 12, 0, '2020-08-06 17:40:08', '2020-08-07 22:43:33'),
(67076, 'GQ9NNACS', 'Watch', '94a82a40-d7d9-11ea-9d73-a3f8e7f6f7b4.png', '06-08-2020-1596714009-watch', 'A watch is a portable timepiece intended to be carried or worn by a person.', '<p>A watch is a portable timepiece intended to be carried or worn by a person. It is designed to keep a consistent movement despite the motions caused by the</p>', '0', 30, 47, 3000.00, 2500.00, 2000.00, '[\"Men\",\"Women\",\"Kids\"]', 5, 100, 5.00, 2500, 250, 10, 4, '2020-08-21 13:00:39', '<p>A watch is a portable timepiece intended to be carried or worn by a person. It is designed to keep a consistent movement despite the motions caused by the</p>', '2020-08-06 13:00:39', 0, 12, 0, '2020-08-06 17:40:10', '2020-08-07 22:45:19'),
(67077, '3F90RW2D', 'Coffe', 'f75acbe0-d7d9-11ea-afd5-69cf95378268.png', '06-08-2020-1596714174-coffe', 'Coffee is a brewed drink prepared from roasted coffee beans, the seeds of berries from certain Coffea species.', '<p>Coffee is a brewed drink prepared from roasted coffee beans, the seeds of berries from certain Coffea species. When coffee berries turn from green to bright red</p>', '0', 24, 51, 200.00, 100.00, 50.00, '[\"All\"]', 4, 50, 1.00, 100, 10, 10, 10, '2020-08-22 13:00:42', '<p>Coffee is a brewed drink prepared from roasted coffee beans, the seeds of berries from certain Coffea species. When coffee berries turn from green to bright red</p>', '2020-08-06 13:00:42', 0, 12, 0, '2020-08-06 17:42:55', '2020-08-07 22:44:54');

-- --------------------------------------------------------

--
-- Table structure for table `product_images`
--

CREATE TABLE `product_images` (
  `id` bigint(20) UNSIGNED NOT NULL,
  `image` varchar(255) COLLATE utf8mb4_unicode_ci NOT NULL,
  `product_id` bigint(20) UNSIGNED NOT NULL,
  `user_id` bigint(20) UNSIGNED NOT NULL,
  `created_at` timestamp NULL DEFAULT NULL,
  `updated_at` timestamp NULL DEFAULT NULL
) ENGINE=InnoDB DEFAULT CHARSET=utf8mb4 COLLATE=utf8mb4_unicode_ci;

--
-- Dumping data for table `product_images`
--

INSERT INTO `product_images` (`id`, `image`, `product_id`, `user_id`, `created_at`, `updated_at`) VALUES
(28, '65094d30-9370-11ea-8a53-651844ed158e.png', 67046, 12, '2020-05-11 10:15:53', '2020-05-11 10:15:53'),
(29, '41c52e10-937b-11ea-a6f5-f9f7b7961499.png', 67047, 12, '2020-05-11 11:33:38', '2020-05-11 11:33:38'),
(30, '18a90800-9517-11ea-965e-af1c61b9ee2b.png', 67048, 16, '2020-05-13 12:41:42', '2020-05-13 12:41:42'),
(31, 'f218d920-9518-11ea-9e56-cdfa8e3205f6.png', 67049, 16, '2020-05-13 12:54:57', '2020-05-13 12:54:57'),
(32, '17305420-951a-11ea-afcc-2b437d592f36.png', 67050, 16, '2020-05-13 13:03:08', '2020-05-13 13:03:08'),
(33, '7becc6d0-951b-11ea-855a-5d33c88323e5.png', 67051, 16, '2020-05-13 13:13:06', '2020-05-13 13:13:06'),
(34, 'f3db9e30-951b-11ea-898f-5b36f64337d7.png', 67052, 16, '2020-05-13 13:16:28', '2020-05-13 13:16:28'),
(35, '602e72e0-951d-11ea-a729-15b5e2562d75.png', 67053, 16, '2020-05-13 13:26:39', '2020-05-13 13:26:39'),
(36, '004c12a0-95b9-11ea-94a1-dd637249c6ca.png', 67054, 16, '2020-05-14 08:00:40', '2020-05-14 08:00:40'),
(37, '718cc4b0-98e4-11ea-9d39-3dada4cdf77c.png', 67055, 16, '2020-05-18 08:49:11', '2020-05-18 08:49:11'),
(38, '460ed2b0-98e8-11ea-a901-811fde52a77c.png', 67056, 16, '2020-05-18 09:16:37', '2020-05-18 09:16:37'),
(39, 'caa10210-98ed-11ea-95af-d14a30a69e6d.png', 67057, 16, '2020-05-18 09:56:07', '2020-05-18 09:56:07'),
(40, 'e1578600-9904-11ea-a4b3-678dd598b178.png', 67058, 12, '2020-05-18 12:41:23', '2020-05-18 12:41:23'),
(41, '98733d50-99a7-11ea-bca8-2d7326edec0c.png', 67057, 16, '2020-05-19 08:06:09', '2020-05-19 08:06:09'),
(42, '998abd20-99a7-11ea-8ac8-01c19170df4a.png', 67057, 16, '2020-05-19 08:06:10', '2020-05-19 08:06:10'),
(43, '9a8e8250-99a7-11ea-b9e5-2f7b4919f596.png', 67057, 16, '2020-05-19 08:06:12', '2020-05-19 08:06:12'),
(44, '9c2b92e0-99a7-11ea-a1ae-f1b1fe7358c8.png', 67057, 16, '2020-05-19 08:06:17', '2020-05-19 08:06:17'),
(45, 'ecaa7810-9a8d-11ea-9bd6-490296b504b2.png', 67059, 12, '2020-05-20 11:34:54', '2020-05-20 11:34:54'),
(46, '174a61e0-9a8e-11ea-8aae-11cd6275c134.png', 67059, 12, '2020-05-20 11:36:05', '2020-05-20 11:36:05'),
(47, '1749bed0-9a8e-11ea-8bd7-dff73e0f7c17.png', 67059, 12, '2020-05-20 11:36:06', '2020-05-20 11:36:06'),
(48, '17a354c0-9a8e-11ea-8192-698664811f30.png', 67059, 12, '2020-05-20 11:36:06', '2020-05-20 11:36:06'),
(49, '30e33a20-9e72-11ea-9066-49ef58a148a4.png', 67060, 17, '2020-05-25 10:26:36', '2020-05-25 10:26:36'),
(50, '36c18d20-9e72-11ea-bb4e-93fcc69a27d9.png', 67061, 17, '2020-05-25 10:26:49', '2020-05-25 10:26:49'),
(51, '372df4c0-9e72-11ea-8a36-fdca7e85f0ed.png', 67062, 17, '2020-05-25 10:26:49', '2020-05-25 10:26:49'),
(52, '08138740-9e73-11ea-81b6-2f6370a1a56a.png', 67060, 17, '2020-05-25 10:32:38', '2020-05-25 10:32:38'),
(63, 'e8092620-a989-11ea-ae2a-b7d8dde7d65e.png', 67064, 12, '2020-06-08 13:13:56', '2020-06-08 13:13:56'),
(64, '063eb140-a98a-11ea-bc10-bb0cbf868a6a.png', 67064, 12, '2020-06-08 13:14:46', '2020-06-08 13:14:46'),
(65, '0686b4a0-a98a-11ea-a52a-f9d4e8839fde.png', 67064, 12, '2020-06-08 13:14:47', '2020-06-08 13:14:47'),
(66, '069fcac0-a98a-11ea-a703-7d12f5621eb7.png', 67064, 12, '2020-06-08 13:14:47', '2020-06-08 13:14:47'),
(67, '0739f660-a98a-11ea-8f65-fdf2b51707da.png', 67064, 12, '2020-06-08 13:14:48', '2020-06-08 13:14:48'),
(68, '07490e30-a98a-11ea-8157-35aba4f778a4.png', 67064, 12, '2020-06-08 13:14:49', '2020-06-08 13:14:49'),
(69, '8f458210-a98a-11ea-8f3f-cb4d9d0cd4a4.png', 67065, 12, '2020-06-08 13:18:37', '2020-06-08 13:18:37'),
(70, '9e589ee0-a98a-11ea-8077-63635d471870.png', 67065, 12, '2020-06-08 13:19:02', '2020-06-08 13:19:02'),
(71, '9e5d8610-a98a-11ea-b11f-cdbcccbd4d4f.png', 67065, 12, '2020-06-08 13:19:03', '2020-06-08 13:19:03'),
(72, '98394dd0-b22b-11ea-8cf6-7bbb2a1bfa0e.png', 67066, 12, '2020-06-19 12:51:30', '2020-06-19 12:51:30'),
(73, '5039dba0-b22c-11ea-b423-076fc7bd5487.png', 67067, 12, '2020-06-19 12:56:38', '2020-06-19 12:56:38'),
(74, 'c5577400-b230-11ea-b86f-e7966d5cdf1b.png', 67068, 12, '2020-06-19 13:28:32', '2020-06-19 13:28:32'),
(75, 'e1d9c840-b236-11ea-913b-87290f974f3c.png', 67069, 12, '2020-06-19 14:12:18', '2020-06-19 14:12:18'),
(76, '4c267340-b242-11ea-a02c-1b7448d669f5.png', 67049, 16, '2020-06-19 15:34:01', '2020-06-19 15:34:01'),
(77, '4c2672e0-b242-11ea-b5b2-61826ec1e63f.png', 67049, 16, '2020-06-19 15:34:01', '2020-06-19 15:34:01'),
(78, '4de623f0-b242-11ea-8650-0f82d40d6f10.png', 67049, 16, '2020-06-19 15:34:04', '2020-06-19 15:34:04'),
(79, '4cc97580-b242-11ea-abac-d92721c12e7c.png', 67049, 16, '2020-06-19 15:34:04', '2020-06-19 15:34:04'),
(80, '4e77f380-b242-11ea-b5f0-3d5c3693fe06.png', 67049, 16, '2020-06-19 15:34:04', '2020-06-19 15:34:04'),
(81, '5e5d75d0-b3f9-11ea-8dd0-69e3fd1b842f.png', 67070, 9, '2020-06-21 19:57:00', '2020-06-21 19:57:00'),
(82, 'e55cccf0-bb8d-11ea-ab6d-cdb88f3e3ac0.png', 67071, 12, '2020-07-01 17:27:50', '2020-07-01 17:27:50'),
(83, 'e3e34990-bb8d-11ea-af65-6b29ae2750c4.png', 67072, 12, '2020-07-01 17:27:50', '2020-07-01 17:27:50'),
(84, '76cec840-bc64-11ea-909d-ddcc51892fcf.png', 67073, 12, '2020-07-02 19:03:47', '2020-07-02 19:03:47'),
(85, '576ce2f0-c674-11ea-8751-6f028e150315.png', 67074, 12, '2020-07-15 14:22:37', '2020-07-15 14:22:37'),
(86, '671162c0-c674-11ea-99ce-b3762732b211.png', 67074, 12, '2020-07-15 14:23:04', '2020-07-15 14:23:04'),
(87, '67116340-c674-11ea-813f-ab1cf6b8f5b5.png', 67074, 12, '2020-07-15 14:23:04', '2020-07-15 14:23:04'),
(88, '676ef500-c674-11ea-a36b-33be9beacdb3.png', 67074, 12, '2020-07-15 14:23:04', '2020-07-15 14:23:04'),
(89, '7fbc9850-c74c-11ea-b2ea-91424ca71e44.png', 67048, 16, '2020-07-16 16:09:57', '2020-07-16 16:09:57'),
(90, '7fbc9810-c74c-11ea-a1e6-8bf6f23cf10e.png', 67048, 16, '2020-07-16 16:10:00', '2020-07-16 16:10:00'),
(91, '823eeff0-c74c-11ea-9e01-43cf59cb8e76.png', 67048, 16, '2020-07-16 16:10:02', '2020-07-16 16:10:02'),
(92, '82ca9a60-c74c-11ea-b176-6dd20a0a4fb4.png', 67048, 16, '2020-07-16 16:10:02', '2020-07-16 16:10:02'),
(93, '02a6ca10-c74d-11ea-b25d-8fa9b98b534e.png', 67054, 16, '2020-07-16 16:13:36', '2020-07-16 16:13:36'),
(94, '02a877b0-c74d-11ea-bedd-bb0cbd45dc0f.png', 67054, 16, '2020-07-16 16:13:36', '2020-07-16 16:13:36'),
(95, '030b8f80-c74d-11ea-ad5a-cfe2a0e0a202.png', 67054, 16, '2020-07-16 16:13:37', '2020-07-16 16:13:37'),
(96, 'a600d240-c74d-11ea-8f0e-b576a6ec33ac.png', 67050, 16, '2020-07-16 16:18:10', '2020-07-16 16:18:10'),
(97, 'a5fa3810-c74d-11ea-ba56-3329dc0d007f.png', 67050, 16, '2020-07-16 16:18:10', '2020-07-16 16:18:10'),
(98, 'a68d12b0-c74d-11ea-b366-eb262e050cd2.png', 67050, 16, '2020-07-16 16:18:14', '2020-07-16 16:18:14'),
(99, 'a67c85d0-c74d-11ea-b1c7-436bfa156e5c.png', 67050, 16, '2020-07-16 16:18:15', '2020-07-16 16:18:15'),
(100, 'a8fed560-c74d-11ea-8243-9980d5cf2219.png', 67050, 16, '2020-07-16 16:18:15', '2020-07-16 16:18:15'),
(101, 'dd114f30-c74d-11ea-ba70-311d5e300727.png', 67051, 16, '2020-07-16 16:19:42', '2020-07-16 16:19:42'),
(102, 'e8648450-c74d-11ea-b779-2b62d63b8014.png', 67052, 16, '2020-07-16 16:20:02', '2020-07-16 16:20:02'),
(103, 'f38b5e20-c74d-11ea-b08c-ab6f1649621e.png', 67053, 16, '2020-07-16 16:20:20', '2020-07-16 16:20:20'),
(104, '1a3d83e0-c74e-11ea-a2ba-41f7e5e73b05.png', 67055, 16, '2020-07-16 16:21:25', '2020-07-16 16:21:25'),
(105, '1a419210-c74e-11ea-a096-3fdbcbd26e28.png', 67055, 16, '2020-07-16 16:21:26', '2020-07-16 16:21:26'),
(106, '1ab77370-c74e-11ea-ad3c-59d29ca5e1f4.png', 67055, 16, '2020-07-16 16:21:26', '2020-07-16 16:21:26'),
(107, '1b515b60-c74e-11ea-be00-f100ee299625.png', 67055, 16, '2020-07-16 16:21:29', '2020-07-16 16:21:29'),
(108, '1b137030-c74e-11ea-bd11-c7216abc2708.png', 67055, 16, '2020-07-16 16:21:29', '2020-07-16 16:21:29'),
(109, '1ccff350-c74e-11ea-a2be-d1b91c2c1165.png', 67055, 16, '2020-07-16 16:21:31', '2020-07-16 16:21:31'),
(110, '1dd13f20-c74e-11ea-940e-53427117c799.png', 67055, 16, '2020-07-16 16:21:32', '2020-07-16 16:21:32'),
(111, '1e5d1a80-c74e-11ea-bb16-4b5c79c10894.png', 67055, 16, '2020-07-16 16:21:32', '2020-07-16 16:21:32'),
(112, '4bcae1b0-c74e-11ea-9bf4-879b5da13c98.png', 67056, 16, '2020-07-16 16:22:48', '2020-07-16 16:22:48'),
(113, '4eaebce0-c74e-11ea-92a6-9db941710bff.png', 67056, 16, '2020-07-16 16:22:53', '2020-07-16 16:22:53'),
(114, '531933f0-c74e-11ea-bc35-21550793a496.png', 67056, 16, '2020-07-16 16:23:00', '2020-07-16 16:23:00'),
(115, '531a29f0-c74e-11ea-99b3-c994b25daaa0.png', 67056, 16, '2020-07-16 16:23:00', '2020-07-16 16:23:00'),
(116, '56833790-c74e-11ea-9169-6db2fe4fb625.png', 67056, 16, '2020-07-16 16:23:06', '2020-07-16 16:23:06'),
(117, '5685e8a0-c74e-11ea-8cfe-edd07ae01dd9.png', 67056, 16, '2020-07-16 16:23:06', '2020-07-16 16:23:06'),
(118, '56ec13c0-c74e-11ea-adb0-8567eb085978.png', 67056, 16, '2020-07-16 16:23:07', '2020-07-16 16:23:07'),
(119, '93f736c0-d7d9-11ea-9d55-ad94aaeb0239.png', 67075, 12, '2020-08-06 17:40:08', '2020-08-06 17:40:08'),
(120, '94a82a40-d7d9-11ea-9d73-a3f8e7f6f7b4.png', 67076, 12, '2020-08-06 17:40:10', '2020-08-06 17:40:10'),
(121, 'f75acbe0-d7d9-11ea-afd5-69cf95378268.png', 67077, 12, '2020-08-06 17:42:55', '2020-08-06 17:42:55');

-- --------------------------------------------------------

--
-- Table structure for table `product_reminders`
--

CREATE TABLE `product_reminders` (
  `id` bigint(20) UNSIGNED NOT NULL,
  `user_id` bigint(20) UNSIGNED NOT NULL,
  `product_id` bigint(20) UNSIGNED NOT NULL,
  `email` varchar(255) COLLATE utf8mb4_unicode_ci DEFAULT NULL,
  `mail_status` tinyint(4) NOT NULL DEFAULT 0,
  `created_at` timestamp NULL DEFAULT NULL,
  `updated_at` timestamp NULL DEFAULT NULL
) ENGINE=InnoDB DEFAULT CHARSET=utf8mb4 COLLATE=utf8mb4_unicode_ci;

--
-- Dumping data for table `product_reminders`
--

INSERT INTO `product_reminders` (`id`, `user_id`, `product_id`, `email`, `mail_status`, `created_at`, `updated_at`) VALUES
(3, 12, 67068, 'chandrapub@gmail.com', 0, '2020-06-22 08:52:36', '2020-06-22 08:52:36'),
(4, 9, 67067, 'rawscripterx@gmail.com', 0, '2020-06-24 13:26:57', '2020-06-24 13:40:25'),
(5, 9, 67069, 'rawscripterx@gmail.com', 1, '2020-06-24 13:43:11', '2020-06-24 14:00:04'),
(6, 9, 37017, 'rawscripterx@gmail.com', 1, '2020-06-24 13:43:15', '2020-06-24 14:00:03'),
(7, 12, 67070, 'chandrapub@gmail.com', 0, '2020-06-24 17:41:34', '2020-06-24 17:41:34'),
(8, 16, 67048, 'bk@danpanel.dk', 0, '2020-07-16 16:08:42', '2020-07-16 16:08:42'),
(9, 12, 67052, 'chandrapub@gmail.com', 0, '2020-07-16 16:37:10', '2020-07-16 16:37:10');

-- --------------------------------------------------------

--
-- Table structure for table `product_requests`
--

CREATE TABLE `product_requests` (
  `id` bigint(20) UNSIGNED NOT NULL,
  `product_id` bigint(20) UNSIGNED NOT NULL,
  `email` varchar(255) COLLATE utf8mb4_unicode_ci NOT NULL,
  `type` varchar(255) COLLATE utf8mb4_unicode_ci NOT NULL,
  `note` varchar(255) COLLATE utf8mb4_unicode_ci NOT NULL,
  `mail_status` tinyint(4) NOT NULL DEFAULT 0,
  `created_at` timestamp NULL DEFAULT NULL,
  `updated_at` timestamp NULL DEFAULT NULL
) ENGINE=InnoDB DEFAULT CHARSET=utf8mb4 COLLATE=utf8mb4_unicode_ci;

--
-- Dumping data for table `product_requests`
--

INSERT INTO `product_requests` (`id`, `product_id`, `email`, `type`, `note`, `mail_status`, `created_at`, `updated_at`) VALUES
(6, 67049, 'shuvo@gmaiil.com', 'favourite', 'Hello world', 0, '2020-06-18 08:07:43', '2020-06-18 08:07:43');

-- --------------------------------------------------------

--
-- Table structure for table `product_variations`
--

CREATE TABLE `product_variations` (
  `id` bigint(20) UNSIGNED NOT NULL,
  `product_id` bigint(20) UNSIGNED NOT NULL,
  `name` varchar(255) COLLATE utf8mb4_unicode_ci DEFAULT NULL,
  `created_at` timestamp NULL DEFAULT NULL,
  `updated_at` timestamp NULL DEFAULT NULL
) ENGINE=InnoDB DEFAULT CHARSET=utf8mb4 COLLATE=utf8mb4_unicode_ci;

--
-- Dumping data for table `product_variations`
--

INSERT INTO `product_variations` (`id`, `product_id`, `name`, `created_at`, `updated_at`) VALUES
(11, 37017, 'Size', '2020-07-01 16:56:34', '2020-07-01 16:56:34'),
(12, 67071, 'Color', '2020-07-01 18:51:10', '2020-07-01 18:51:10'),
(13, 67071, 'Size', '2020-07-01 19:07:33', '2020-07-01 19:07:33'),
(14, 67072, 'Color', '2020-07-01 19:39:23', '2020-07-01 19:39:23'),
(15, 67072, 'Size', '2020-07-01 19:40:00', '2020-07-01 19:40:00'),
(16, 67072, 'GB', '2020-07-01 20:03:44', '2020-07-01 20:03:44'),
(17, 67073, 'Size', '2020-07-03 13:50:10', '2020-07-03 13:50:10'),
(18, 67074, 'Size', '2020-07-15 14:23:18', '2020-07-15 14:23:18'),
(19, 67074, 'Color', '2020-07-15 14:23:55', '2020-07-15 14:23:55'),
(29, 67048, 'Vælg farve', '2020-07-16 16:11:25', '2020-07-16 16:11:25'),
(30, 67049, 'Vælg farve', '2020-07-16 16:12:17', '2020-07-16 16:12:17'),
(31, 67054, 'Vælg type', '2020-07-16 16:13:48', '2020-07-16 16:13:48');

-- --------------------------------------------------------

--
-- Table structure for table `product_variation_options`
--

CREATE TABLE `product_variation_options` (
  `id` bigint(20) UNSIGNED NOT NULL,
  `name` varchar(255) COLLATE utf8mb4_unicode_ci DEFAULT NULL,
  `price` double(8,2) DEFAULT NULL,
  `product_id` bigint(20) UNSIGNED NOT NULL,
  `product_variation_id` bigint(20) UNSIGNED NOT NULL,
  `created_at` timestamp NULL DEFAULT NULL,
  `updated_at` timestamp NULL DEFAULT NULL
) ENGINE=InnoDB DEFAULT CHARSET=utf8mb4 COLLATE=utf8mb4_unicode_ci;

--
-- Dumping data for table `product_variation_options`
--

INSERT INTO `product_variation_options` (`id`, `name`, `price`, `product_id`, `product_variation_id`, `created_at`, `updated_at`) VALUES
(22, 'Large', 1000.00, 37017, 11, '2020-07-01 16:56:45', '2020-07-01 16:56:45'),
(23, 'Small', 500.00, 37017, 11, '2020-07-01 16:56:59', '2020-07-01 16:56:59'),
(24, 'Mideum', 800.00, 37017, 11, '2020-07-01 16:57:11', '2020-07-01 16:57:11'),
(25, 'Red', 100.00, 67071, 12, '2020-07-01 18:51:33', '2020-07-01 18:51:33'),
(36, 'Small', 10.00, 67071, 13, '2020-07-01 19:15:10', '2020-07-01 19:15:10'),
(37, 'Medium', 50.00, 67071, 13, '2020-07-01 19:15:25', '2020-07-01 19:15:25'),
(38, 'Large', 100.00, 67071, 13, '2020-07-01 19:15:44', '2020-07-01 19:15:44'),
(39, 'Test', 0.00, 67071, 13, '2020-07-01 19:16:03', '2020-07-01 19:16:03'),
(40, 'Green', 50.00, 67072, 14, '2020-07-01 19:40:20', '2020-07-01 19:40:20'),
(41, 'Red', 100.00, 67072, 14, '2020-07-01 19:40:39', '2020-07-01 19:40:39'),
(42, 'Orange', 0.00, 67072, 14, '2020-07-01 19:40:49', '2020-07-01 19:40:49'),
(43, 'Small', 0.00, 67072, 15, '2020-07-01 19:41:07', '2020-07-01 19:41:07'),
(44, 'Medium', 50.00, 67072, 15, '2020-07-01 19:41:24', '2020-07-01 19:41:24'),
(45, 'Large', 10.00, 67072, 15, '2020-07-01 19:41:32', '2020-07-01 19:41:32'),
(46, '10GB', 50.00, 67072, 16, '2020-07-01 20:04:09', '2020-07-01 20:04:09'),
(47, '50GB', 100.00, 67072, 16, '2020-07-01 20:04:27', '2020-07-01 20:04:27'),
(48, 'Small', 0.00, 67073, 17, '2020-07-03 13:50:22', '2020-07-03 13:50:22'),
(49, 'Medium', 50.00, 67073, 17, '2020-07-03 13:50:48', '2020-07-03 13:50:48'),
(50, 'Large', 100.00, 67073, 17, '2020-07-03 13:50:57', '2020-07-03 13:50:57'),
(51, 'S', 0.00, 67074, 18, '2020-07-15 14:23:31', '2020-07-15 14:23:31'),
(52, 'M', 50.00, 67074, 18, '2020-07-15 14:23:39', '2020-07-15 14:23:39'),
(53, 'L', 100.00, 67074, 18, '2020-07-15 14:23:47', '2020-07-15 14:23:47'),
(54, 'Orange', 0.00, 67074, 19, '2020-07-15 14:24:05', '2020-07-15 14:24:05'),
(55, 'White', 100.00, 67074, 19, '2020-07-15 14:24:14', '2020-07-15 14:24:14'),
(56, 'Black', 50.00, 67074, 19, '2020-07-15 14:24:23', '2020-07-15 14:24:23'),
(59, '2 meter blå', 169.00, 67048, 22, '2020-07-16 15:46:01', '2020-07-16 15:46:01'),
(60, '2 meter hvid', 169.00, 67048, 23, '2020-07-16 15:46:43', '2020-07-16 15:46:43'),
(61, '1 meter blå', NULL, 67048, 20, '2020-07-16 15:48:23', '2020-07-16 15:48:23'),
(62, '1 meter hvid', NULL, 67048, 21, '2020-07-16 15:48:34', '2020-07-16 15:48:34'),
(63, '2 meter Rød', NULL, 67049, 26, '2020-07-16 15:51:28', '2020-07-16 15:51:28'),
(64, '2 meter Sort', NULL, 67049, 27, '2020-07-16 15:51:42', '2020-07-16 15:51:42'),
(65, 'Sort 2 meter', NULL, 67049, 28, '2020-07-16 16:01:50', '2020-07-16 16:01:50'),
(66, 'Rød 2 meter', NULL, 67049, 28, '2020-07-16 16:01:59', '2020-07-16 16:01:59'),
(67, 'Blå 1 meter', NULL, 67048, 29, '2020-07-16 16:11:34', '2020-07-16 16:11:34'),
(68, 'Hvid 1 meter', NULL, 67048, 29, '2020-07-16 16:11:43', '2020-07-16 16:11:43'),
(69, 'Sort 2 meter', NULL, 67049, 30, '2020-07-16 16:12:27', '2020-07-16 16:12:27'),
(70, 'Rød 2 meter', NULL, 67049, 30, '2020-07-16 16:12:33', '2020-07-16 16:12:33'),
(72, 'Mat sort 8 pin (Iphone)', NULL, 67054, 31, '2020-07-16 16:15:43', '2020-07-16 16:15:43'),
(73, 'Shiny 8 pin (Iphone)', NULL, 67054, 31, '2020-07-16 16:16:00', '2020-07-16 16:16:00'),
(74, 'Mat sort Type C (Anroid)', NULL, 67054, 31, '2020-07-16 16:17:05', '2020-07-16 16:17:05');

-- --------------------------------------------------------

--
-- Table structure for table `subscribers`
--

CREATE TABLE `subscribers` (
  `id` bigint(20) UNSIGNED NOT NULL,
  `user_id` bigint(20) UNSIGNED NOT NULL,
  `email` varchar(255) COLLATE utf8mb4_unicode_ci DEFAULT NULL,
  `created_at` timestamp NULL DEFAULT NULL,
  `updated_at` timestamp NULL DEFAULT NULL
) ENGINE=InnoDB DEFAULT CHARSET=utf8mb4 COLLATE=utf8mb4_unicode_ci;

--
-- Dumping data for table `subscribers`
--

INSERT INTO `subscribers` (`id`, `user_id`, `email`, `created_at`, `updated_at`) VALUES
(3, 9, 'rawscripterx@gmail.com', '2020-05-29 08:55:45', '2020-05-29 08:55:45'),
(4, 12, 'chandrapub@gmail.com', '2020-05-29 09:23:59', '2020-05-29 09:23:59'),
(5, 17, 'ma@ungesagen.dk', '2020-06-25 19:00:18', '2020-06-25 19:00:18'),
(6, 19, 'raw@gmail.com', '2020-08-07 22:29:11', '2020-08-07 22:29:11');

-- --------------------------------------------------------

--
-- Table structure for table `sub_categories`
--

CREATE TABLE `sub_categories` (
  `id` bigint(20) UNSIGNED NOT NULL,
  `user_id` bigint(20) UNSIGNED NOT NULL,
  `category_id` bigint(20) UNSIGNED NOT NULL,
  `name` varchar(255) COLLATE utf8mb4_unicode_ci DEFAULT NULL,
  `slug` varchar(255) COLLATE utf8mb4_unicode_ci DEFAULT NULL,
  `priority` int(11) NOT NULL DEFAULT 0,
  `created_at` timestamp NULL DEFAULT NULL,
  `updated_at` timestamp NULL DEFAULT NULL
) ENGINE=InnoDB DEFAULT CHARSET=utf8mb4 COLLATE=utf8mb4_unicode_ci;

--
-- Dumping data for table `sub_categories`
--

INSERT INTO `sub_categories` (`id`, `user_id`, `category_id`, `name`, `slug`, `priority`, `created_at`, `updated_at`) VALUES
(9, 9, 47, 'Phone', 'phone', 0, '2020-05-09 04:18:34', '2020-05-09 04:18:34'),
(10, 9, 47, 'Television', 'television', 0, '2020-05-09 04:18:44', '2020-05-09 04:18:44'),
(11, 9, 47, 'Tab', 'tab', 0, '2020-05-09 04:18:51', '2020-05-09 04:18:51'),
(12, 9, 48, 'Potato', 'potato', 0, '2020-05-09 04:18:59', '2020-05-09 04:18:59'),
(13, 9, 48, 'Rice', 'rice', 0, '2020-05-09 04:19:05', '2020-05-09 04:19:05'),
(14, 9, 48, 'Chicken', 'chicken', 0, '2020-05-09 04:19:15', '2020-05-09 04:19:15'),
(15, 9, 49, 'Website', 'website', 0, '2020-05-09 04:19:24', '2020-05-09 04:19:24'),
(16, 9, 49, 'Web Application', 'web-application', 0, '2020-05-09 04:19:32', '2020-05-09 04:19:32'),
(18, 9, 50, 'Pant', 'pant', 0, '2020-05-09 04:19:45', '2020-05-09 04:19:45'),
(19, 9, 50, 'T-Shirt', 't-shirt', 0, '2020-05-09 04:19:54', '2020-05-09 04:19:54'),
(20, 9, 50, 'Shirt', 'shirt', 0, '2020-05-09 04:20:04', '2020-05-09 04:20:04'),
(21, 9, 47, 'Iphone', 'iphone', 0, '2020-05-11 08:08:21', '2020-05-11 08:08:21'),
(22, 16, 47, 'Opladere', 'opladere', 0, '2020-05-13 12:18:05', '2020-05-13 12:18:05'),
(23, 16, 47, 'Sikkerhed', 'sikkerhed', 0, '2020-05-13 12:59:47', '2020-05-13 12:59:47'),
(24, 16, 51, 'Formalet', 'formalet', 0, '2020-05-13 13:07:15', '2020-05-13 13:07:15'),
(25, 16, 51, 'Hele bønner', 'hele-bonner', 0, '2020-05-13 13:07:36', '2020-05-13 13:07:36'),
(26, 16, 52, 'Robotstøvsuger', 'robotstovsuger', 0, '2020-05-18 08:42:11', '2020-05-18 08:42:11'),
(27, 16, 52, 'Alarmsystem', 'alarmsystem', 0, '2020-05-18 08:52:32', '2020-05-18 08:52:32'),
(29, 16, 53, 'Telefonholder', 'telefonholder', 0, '2020-05-18 09:52:24', '2020-05-18 09:52:24'),
(30, 12, 47, 'Watch', 'watch', 0, '2020-05-20 11:28:59', '2020-05-20 11:28:59'),
(31, 17, 55, 'Tesla', 'tesla', 1, '2020-05-25 10:04:06', '2020-05-25 10:04:06');

-- --------------------------------------------------------

--
-- Table structure for table `temporary_orders`
--

CREATE TABLE `temporary_orders` (
  `id` bigint(20) UNSIGNED NOT NULL,
  `custom_order_id` varchar(255) COLLATE utf8mb4_unicode_ci DEFAULT NULL,
  `product_id` bigint(20) UNSIGNED NOT NULL,
  `user_id` bigint(20) UNSIGNED NOT NULL,
  `quantity` int(10) UNSIGNED NOT NULL,
  `join_price` double(8,2) UNSIGNED NOT NULL,
  `current_price` double(8,2) UNSIGNED NOT NULL,
  `total_price` double(8,2) UNSIGNED NOT NULL,
  `variations` text COLLATE utf8mb4_unicode_ci DEFAULT NULL,
  `is_join_payment_enable` tinyint(1) NOT NULL,
  `is_join_price_paid` tinyint(1) NOT NULL DEFAULT 0,
  `is_paid_full_price` tinyint(1) NOT NULL DEFAULT 0,
  `variant_total` float NOT NULL DEFAULT 0,
  `created_at` timestamp NULL DEFAULT NULL,
  `updated_at` timestamp NULL DEFAULT NULL
) ENGINE=InnoDB DEFAULT CHARSET=utf8mb4 COLLATE=utf8mb4_unicode_ci;

--
-- Dumping data for table `temporary_orders`
--

INSERT INTO `temporary_orders` (`id`, `custom_order_id`, `product_id`, `user_id`, `quantity`, `join_price`, `current_price`, `total_price`, `variations`, `is_join_payment_enable`, `is_join_price_paid`, `is_paid_full_price`, `variant_total`, `created_at`, `updated_at`) VALUES
(18, 'E-0020010', 67047, 12, 1, 50.00, 970.00, 50.00, NULL, 1, 0, 0, 0, '2020-05-11 11:40:10', '2020-05-11 11:40:10'),
(19, 'E-0020010', 67047, 12, 1, 50.00, 970.00, 50.00, NULL, 1, 0, 0, 0, '2020-05-11 11:40:40', '2020-05-11 11:40:40'),
(24, 'E-0020013', 67054, 10, 1, 25.00, 248.80, 25.00, NULL, 1, 0, 0, 0, '2020-05-15 10:03:37', '2020-05-15 10:03:37'),
(26, 'K-0020013', 67051, 10, 1, 9.00, 89.00, 9.00, NULL, 1, 0, 0, 0, '2020-05-15 10:40:30', '2020-05-15 10:40:30'),
(29, 'K-002001', 67053, 10, 1, 21.00, 207.74, 21.00, NULL, 1, 0, 0, 0, '2020-05-15 10:50:54', '2020-05-15 10:50:54'),
(31, 'K-002002', 67053, 10, 1, 21.00, 207.11, 21.00, NULL, 1, 0, 0, 0, '2020-05-15 10:51:26', '2020-05-15 10:51:26'),
(38, 'E-002006', 67058, 12, 1, 100.00, 2500.00, 100.00, NULL, 1, 0, 0, 0, '2020-05-18 13:07:48', '2020-05-18 13:07:48'),
(40, 'T-002007', 67057, 16, 4, 14.00, 139.00, 56.00, NULL, 1, 0, 0, 0, '2020-05-18 13:29:07', '2020-05-18 13:29:07'),
(42, 'T-002008', 67057, 17, 1, 14.00, 139.00, 14.00, NULL, 1, 0, 0, 0, '2020-05-20 06:00:14', '2020-05-20 06:00:14'),
(44, 'E-002009', 67059, 18, 1, 100.00, 1950.00, 100.00, NULL, 1, 0, 0, 0, '2020-05-20 11:53:54', '2020-05-20 11:53:54'),
(49, 'E-0020012', 67058, 17, 1, 100.00, 2450.00, 100.00, NULL, 1, 0, 0, 0, '2020-05-20 15:25:57', '2020-05-20 15:25:57'),
(50, 'T-0020012', 67057, 17, 1, 14.00, 139.00, 14.00, NULL, 1, 0, 0, 0, '2020-05-22 15:49:12', '2020-05-22 15:49:12'),
(53, 'S-0020014', 67056, 16, 1, 200.00, 1999.00, 200.00, NULL, 1, 0, 0, 0, '2020-05-25 12:55:06', '2020-05-25 12:55:06'),
(56, 'S-0020016', 67056, 12, 1, 200.00, 1995.00, 200.00, NULL, 1, 0, 0, 0, '2020-05-25 19:54:35', '2020-05-25 19:54:35'),
(57, 'S-0020016', 67056, 12, 1, 200.00, 1995.00, 200.00, NULL, 1, 0, 0, 0, '2020-05-26 22:40:51', '2020-05-26 22:40:51'),
(58, 'K-0020016', 67053, 9, 1, 21.00, 206.48, 21.00, NULL, 1, 0, 0, 0, '2020-05-29 08:55:45', '2020-05-29 08:55:45'),
(60, 'S-0020017', 67055, 12, 3, 359.90, 3596.00, 1079.70, NULL, 1, 0, 0, 0, '2020-06-02 11:12:07', '2020-06-02 11:12:07'),
(61, 'S-0020017', 67055, 12, 1, 359.90, 3596.00, 359.90, NULL, 1, 0, 0, 0, '2020-06-02 11:12:20', '2020-06-02 11:12:20'),
(62, 'S-0020017', 67055, 12, 1, 359.90, 3596.00, 359.90, NULL, 1, 0, 0, 0, '2020-06-02 11:12:31', '2020-06-02 11:12:31'),
(63, 'C-0020017', 37017, 12, 1, 809.40, 7781.00, 809.40, NULL, 1, 0, 0, 0, '2020-06-02 11:13:18', '2020-06-02 11:13:18'),
(64, 'C-0020017', 37017, 12, 1, 809.40, 7781.00, 809.40, NULL, 1, 0, 0, 0, '2020-06-02 11:13:27', '2020-06-02 11:13:27'),
(65, 'S-0020017', 67055, 9, 1, 359.90, 3596.00, 359.90, NULL, 1, 0, 0, 0, '2020-06-02 12:15:40', '2020-06-02 12:15:40'),
(66, 'S-0020017', 67055, 9, 1, 359.90, 3596.00, 359.90, NULL, 1, 0, 0, 0, '2020-06-02 12:39:20', '2020-06-02 12:39:20'),
(67, 'S-0020017', 67055, 9, 1, 359.90, 3596.00, 359.90, NULL, 1, 0, 0, 0, '2020-06-02 12:40:04', '2020-06-02 12:40:04'),
(68, 'S-0020017', 67055, 9, 1, 359.90, 3596.00, 359.90, NULL, 1, 0, 0, 0, '2020-06-02 12:42:11', '2020-06-02 12:42:11'),
(69, 'S-0020017', 67055, 9, 1, 359.90, 3596.00, 359.90, NULL, 1, 0, 0, 0, '2020-06-02 12:42:43', '2020-06-02 12:42:43'),
(70, 'S-0020017', 67055, 9, 1, 359.90, 3596.00, 359.90, NULL, 1, 0, 0, 0, '2020-06-02 12:45:18', '2020-06-02 12:45:18'),
(71, 'S-0020017', 67055, 9, 1, 359.90, 3596.00, 359.90, NULL, 1, 0, 0, 0, '2020-06-02 12:45:34', '2020-06-02 12:45:34'),
(72, 'C-0020017', 37017, 12, 2, 809.40, 7781.00, 1618.80, NULL, 1, 0, 0, 0, '2020-06-02 12:46:00', '2020-06-02 12:46:00'),
(73, 'S-0020017', 67055, 9, 1, 359.90, 3596.00, 359.90, NULL, 1, 0, 0, 0, '2020-06-02 12:46:09', '2020-06-02 12:46:09'),
(74, 'S-0020017', 67055, 9, 1, 359.90, 3596.00, 359.90, NULL, 1, 0, 0, 0, '2020-06-02 12:47:04', '2020-06-02 12:47:04'),
(100, 'C-002007', 37017, 12, 1, 809.40, 7781.00, 809.40, NULL, 1, 0, 0, 0, '2020-06-05 20:46:47', '2020-06-05 20:46:47'),
(101, 'C-002007', 37017, 12, 1, 809.40, 7781.00, 809.40, NULL, 1, 0, 0, 0, '2020-06-05 20:57:09', '2020-06-05 20:57:09'),
(103, 'E-002008', 67064, 12, 1, 80.00, 800.00, 80.00, NULL, 1, 0, 0, 0, '2020-06-08 13:26:37', '2020-06-08 13:26:37'),
(104, 'E-002008', 67064, 12, 1, 80.00, 800.00, 80.00, NULL, 1, 0, 0, 0, '2020-06-08 13:26:54', '2020-06-08 13:26:54'),
(107, 'S-0020010', 67069, 12, 2, 225.00, 1485.00, 450.00, NULL, 1, 0, 0, 0, '2020-06-22 08:56:24', '2020-06-22 08:56:24'),
(108, 'S-0020010', 67069, 12, 1, 225.00, 1485.00, 225.00, NULL, 1, 0, 0, 0, '2020-06-22 08:56:38', '2020-06-22 08:56:38'),
(109, 'E-0020010', 67068, 12, 1, 144.00, 1200.00, 144.00, NULL, 1, 0, 0, 0, '2020-06-22 08:57:48', '2020-06-22 08:57:48'),
(112, 'E-0020012', 67068, 17, 1, 144.00, 1120.00, 144.00, NULL, 1, 0, 0, 0, '2020-06-25 19:00:18', '2020-06-25 19:00:18'),
(113, 'E-0020012', 67070, 12, 1, 0.00, 110.00, 0.00, NULL, 0, 0, 0, 0, '2020-06-26 20:07:26', '2020-06-26 20:07:26'),
(114, 'E-0020012', 67070, 12, 1, 0.00, 110.00, 0.00, NULL, 0, 0, 0, 0, '2020-06-29 13:53:50', '2020-06-29 13:53:50'),
(115, 'E-0020012', 67070, 12, 1, 0.00, 110.00, 0.00, NULL, 0, 0, 0, 0, '2020-06-29 14:00:44', '2020-06-29 14:00:44'),
(116, 'E-0020012', 67070, 12, 1, 0.00, 110.00, 0.00, NULL, 0, 0, 0, 0, '2020-06-29 14:39:02', '2020-06-29 14:39:02'),
(117, 'E-0020012', 67070, 12, 1, 0.00, 110.00, 0.00, NULL, 0, 0, 0, 0, '2020-06-29 14:39:13', '2020-06-29 14:39:13'),
(118, 'E-0020012', 67070, 12, 1, 0.00, 110.00, 0.00, NULL, 0, 0, 0, 0, '2020-06-29 14:39:28', '2020-06-29 14:39:28'),
(120, 'E-0020013', 67072, 17, 1, 150.00, 1500.00, 250.00, '[{\"variationID\":15,\"optionID\":43},{\"variationID\":14,\"optionID\":41}]', 1, 0, 0, 0, '2020-07-01 19:41:45', '2020-07-01 19:41:45'),
(121, 'E-0020013', 67071, 17, 1, 150.00, 1485.00, 300.00, '[{\"variationID\":12,\"optionID\":25},{\"variationID\":13,\"optionID\":37}]', 1, 0, 0, 0, '2020-07-01 19:50:46', '2020-07-01 19:50:46'),
(122, 'E-0020013', 67072, 12, 3, 150.00, 1500.00, 450.00, '[{\"variationID\":14,\"optionID\":41},{\"variationID\":15,\"optionID\":43}]', 1, 0, 0, 0, '2020-07-01 19:59:45', '2020-07-01 19:59:45'),
(124, 'K-0020014', 67073, 12, 1, 15.00, 147.00, 65.00, '[{\"variationID\":17,\"optionID\":49}]', 1, 0, 0, 0, '2020-07-03 13:56:46', '2020-07-03 13:56:46'),
(126, 'E-0020015', 67072, 12, 2, 150.00, 1500.00, 312.00, '[{\"variationID\":14,\"optionID\":42},{\"variationID\":15,\"optionID\":45},{\"variationID\":16,\"optionID\":46}]', 1, 0, 0, 60, '2020-07-07 03:28:49', '2020-07-07 03:28:49'),
(130, 'E-0020018', 67074, 17, 1, 250.00, 2495.00, 250.00, '[{\"variationID\":18,\"optionID\":51},{\"variationID\":19,\"optionID\":54}]', 1, 0, 0, 0, '2020-07-15 15:37:22', '2020-07-15 15:37:22'),
(131, 'T-0020018', 67057, 12, 1, 13.90, 139.00, 13.90, '', 1, 0, 0, 0, '2020-07-16 14:43:31', '2020-07-16 14:43:31'),
(136, 'E-0020022', 67074, 9, 1, 250.00, 2495.00, 265.00, '[{\"variationID\":18,\"optionID\":53},{\"variationID\":19,\"optionID\":56}]', 1, 0, 0, 150, '2020-07-17 23:05:00', '2020-07-17 23:05:00'),
(137, 'E-0020022', 67076, 19, 3, 250.00, 2500.00, 750.00, '', 1, 0, 0, 0, '2020-08-07 22:29:11', '2020-08-07 22:29:11');

-- --------------------------------------------------------

--
-- Table structure for table `users`
--

CREATE TABLE `users` (
  `id` bigint(20) UNSIGNED NOT NULL,
  `name` varchar(255) COLLATE utf8mb4_unicode_ci DEFAULT NULL,
  `email` varchar(255) COLLATE utf8mb4_unicode_ci DEFAULT NULL,
  `email_verified_at` timestamp NULL DEFAULT NULL,
  `password` varchar(255) COLLATE utf8mb4_unicode_ci DEFAULT NULL,
  `role` varchar(191) COLLATE utf8mb4_unicode_ci NOT NULL DEFAULT 'customer',
  `remember_token` varchar(100) COLLATE utf8mb4_unicode_ci DEFAULT NULL,
  `created_at` timestamp NULL DEFAULT NULL,
  `updated_at` timestamp NULL DEFAULT NULL
) ENGINE=InnoDB DEFAULT CHARSET=utf8mb4 COLLATE=utf8mb4_unicode_ci;

--
-- Dumping data for table `users`
--

INSERT INTO `users` (`id`, `name`, `email`, `email_verified_at`, `password`, `role`, `remember_token`, `created_at`, `updated_at`) VALUES
(9, 'Shuvo Goswami', 'rawscripterx@gmail.com', NULL, '$2y$10$92IXUNpkjO0rOQ5byMi.Ye4oKoEa3Ro9llC/.og/at2.uheWG/igi', 'admin', NULL, '2020-05-11 01:21:46', '2020-05-11 08:06:21'),
(10, 'Shuvo Goswami', 'shuvogoswamii@gmail.com', NULL, '$2y$10$kjT3KjOHbIM.3q6.q48iQOE9hSySID18i.NByPPuK6hGCqP4dEury', 'admin', 'Nkaqe0vLkx1ndmPpORVhlVT8GbP2DQUWykD3AwVzCqyLE0w284aFqDD0yIhc', '2020-05-11 08:13:55', '2020-05-15 10:03:20'),
(11, NULL, 'tithi124410@gmail.com', NULL, NULL, 'admin', NULL, '2020-05-11 08:24:58', '2020-05-11 08:24:58'),
(12, 'Chandra Shekhar', 'chandrapub@gmail.com', NULL, '$2y$10$ObFe2LIPfUKD5qMvgJ1Y6uFIUoR0cEFEP/c/fWm.7JnB1tHT8Rbo6', 'admin', NULL, '2020-05-11 08:27:55', '2020-05-29 09:30:20'),
(13, 'Shuvo Goswami', 'rawscripterxx@gmail.com', NULL, '$2y$10$yCuiQY76Lzy0KIf0jXMsY.JspvuKnCZ9Sg9zoWMYeS91ylQOeKP0G', 'customer', NULL, '2020-05-11 08:28:25', '2020-05-11 08:28:25'),
(14, 'Shuvo Goswami', 'rawscripterxxx@gmail.com', NULL, '$2y$10$72JjSHW5ZBF1Vzy23bwHS.m4P4MVfc0sLXen/iu0/4a0JFl2cpdTe', 'customer', NULL, '2020-05-11 08:28:37', '2020-05-11 08:28:37'),
(15, NULL, 'sazibuddin19@yahoo.com', NULL, NULL, 'customer', NULL, '2020-05-11 09:14:15', '2020-05-11 09:14:15'),
(16, 'burakkara99@hotmail.com', 'bk@danpanel.dk', NULL, '$2y$10$2LPrCTq3npkBOkcMkfKus.zU8VM.3SDaJ7VCEbux.iWHMPCRb2Eu6', 'admin', NULL, '2020-05-13 09:31:32', '2020-06-29 14:52:53'),
(17, 'Maher Al-samarai', 'ma@ungesagen.dk', NULL, '$2y$10$T08fIeZW.5/AFqeOpqjK9ecFMeeRZsGKTy7U5OnB8XuWm3paiIVcS', 'admin', NULL, '2020-05-20 05:59:45', '2020-05-20 05:59:45'),
(18, 'Shekhar', 'cm@danpanel.dk', NULL, '$2y$10$BHtGGd5d1lKLvwrq/S9uBe0VUgkJ6kSJDOdstsJbzzi3uUrRAEUlS', 'customer', NULL, '2020-05-20 11:52:47', '2020-05-20 11:52:47'),
(19, 'raw', 'raw@gmail.com', NULL, '$2y$10$GiYUbsnRn7SL90LBPCka4euWByetAVuCpIMVV/d7U3YGuRptwFaYu', 'customer', NULL, '2020-08-07 22:28:44', '2020-08-07 22:28:44');

-- --------------------------------------------------------

--
-- Table structure for table `user_infos`
--

CREATE TABLE `user_infos` (
  `id` bigint(20) UNSIGNED NOT NULL,
  `name` varchar(191) COLLATE utf8mb4_unicode_ci DEFAULT NULL,
  `user_id` bigint(20) UNSIGNED NOT NULL,
  `company_name` varchar(255) COLLATE utf8mb4_unicode_ci DEFAULT NULL,
  `cvr_number` varchar(255) COLLATE utf8mb4_unicode_ci DEFAULT NULL,
  `ean_number` varchar(255) COLLATE utf8mb4_unicode_ci DEFAULT NULL,
  `address` text COLLATE utf8mb4_unicode_ci DEFAULT NULL,
  `city` varchar(255) COLLATE utf8mb4_unicode_ci DEFAULT NULL,
  `zip_code` varchar(255) COLLATE utf8mb4_unicode_ci DEFAULT NULL,
  `phone` varchar(255) COLLATE utf8mb4_unicode_ci DEFAULT NULL,
  `created_at` timestamp NULL DEFAULT NULL,
  `updated_at` timestamp NULL DEFAULT NULL
) ENGINE=InnoDB DEFAULT CHARSET=utf8mb4 COLLATE=utf8mb4_unicode_ci;

--
-- Dumping data for table `user_infos`
--

INSERT INTO `user_infos` (`id`, `name`, `user_id`, `company_name`, `cvr_number`, `ean_number`, `address`, `city`, `zip_code`, `phone`, `created_at`, `updated_at`) VALUES
(4, NULL, 11, NULL, NULL, NULL, NULL, NULL, NULL, NULL, '2020-05-11 08:24:58', '2020-05-11 08:24:58'),
(5, NULL, 15, NULL, NULL, NULL, NULL, NULL, NULL, NULL, '2020-05-11 09:14:15', '2020-05-11 09:14:15'),
(6, 'burakkara99@hotmail.com', 16, NULL, NULL, NULL, 'Gildbrovej 43', 'Ishøj', '2635', '50281252', '2020-05-13 09:31:32', '2020-06-29 14:52:53'),
(8, NULL, 17, NULL, NULL, NULL, NULL, NULL, NULL, NULL, '2020-05-20 05:59:49', '2020-05-20 05:59:49'),
(9, NULL, 18, NULL, NULL, NULL, NULL, NULL, NULL, NULL, '2020-05-20 11:52:49', '2020-05-20 11:52:49'),
(10, 'Shuvo Goswami', 9, 'RawScripters', '23123123', '123456', 'Sector 7, E block , House no 163, Kismotnaoyapara, Jessore, Bangladesh', 'Jessore', '7400', '01923359718', NULL, '2020-06-25 21:22:12'),
(11, NULL, 10, NULL, NULL, NULL, NULL, NULL, NULL, NULL, NULL, NULL),
(12, 'Chandra Shekhar', 12, NULL, NULL, NULL, 'Frederikssundsvej 105', 'Copenhagen', '2400', '71594741', NULL, '2020-06-25 21:22:49'),
(13, NULL, 13, NULL, NULL, NULL, NULL, NULL, NULL, NULL, NULL, NULL),
(14, NULL, 14, NULL, NULL, NULL, NULL, NULL, NULL, NULL, NULL, NULL),
(15, NULL, 19, NULL, NULL, NULL, NULL, NULL, NULL, NULL, '2020-08-07 22:28:44', '2020-08-07 22:28:44');

--
-- Indexes for dumped tables
--

--
-- Indexes for table `categories`
--
ALTER TABLE `categories`
  ADD PRIMARY KEY (`id`);

--
-- Indexes for table `failed_jobs`
--
ALTER TABLE `failed_jobs`
  ADD PRIMARY KEY (`id`);

--
-- Indexes for table `favourites`
--
ALTER TABLE `favourites`
  ADD PRIMARY KEY (`id`),
  ADD KEY `favourites_product_id_foreign` (`product_id`),
  ADD KEY `favourites_user_id_foreign` (`user_id`);

--
-- Indexes for table `likes`
--
ALTER TABLE `likes`
  ADD PRIMARY KEY (`id`),
  ADD KEY `likes_product_id_foreign` (`product_id`),
  ADD KEY `likes_user_id_foreign` (`user_id`);

--
-- Indexes for table `linked_social_accounts`
--
ALTER TABLE `linked_social_accounts`
  ADD PRIMARY KEY (`id`);

--
-- Indexes for table `migrations`
--
ALTER TABLE `migrations`
  ADD PRIMARY KEY (`id`);

--
-- Indexes for table `oauth_access_tokens`
--
ALTER TABLE `oauth_access_tokens`
  ADD PRIMARY KEY (`id`),
  ADD KEY `oauth_access_tokens_user_id_index` (`user_id`);

--
-- Indexes for table `oauth_auth_codes`
--
ALTER TABLE `oauth_auth_codes`
  ADD PRIMARY KEY (`id`),
  ADD KEY `oauth_auth_codes_user_id_index` (`user_id`);

--
-- Indexes for table `oauth_clients`
--
ALTER TABLE `oauth_clients`
  ADD PRIMARY KEY (`id`),
  ADD KEY `oauth_clients_user_id_index` (`user_id`);

--
-- Indexes for table `oauth_personal_access_clients`
--
ALTER TABLE `oauth_personal_access_clients`
  ADD PRIMARY KEY (`id`);

--
-- Indexes for table `oauth_refresh_tokens`
--
ALTER TABLE `oauth_refresh_tokens`
  ADD PRIMARY KEY (`id`);

--
-- Indexes for table `orders`
--
ALTER TABLE `orders`
  ADD PRIMARY KEY (`id`),
  ADD KEY `orders_product_id_foreign` (`product_id`),
  ADD KEY `orders_user_id_foreign` (`user_id`);

--
-- Indexes for table `order_payments`
--
ALTER TABLE `order_payments`
  ADD PRIMARY KEY (`id`),
  ADD KEY `order_payments_order_id_foreign` (`order_id`);

--
-- Indexes for table `order_shipping_infos`
--
ALTER TABLE `order_shipping_infos`
  ADD PRIMARY KEY (`id`),
  ADD KEY `order_shipping_infos_order_id_foreign` (`order_id`);

--
-- Indexes for table `password_resets`
--
ALTER TABLE `password_resets`
  ADD KEY `password_resets_email_index` (`email`);

--
-- Indexes for table `products`
--
ALTER TABLE `products`
  ADD PRIMARY KEY (`id`),
  ADD KEY `products_category_id_foreign` (`category_id`),
  ADD KEY `products_sub_category_id_foreign` (`sub_category_id`),
  ADD KEY `products_user_id_foreign` (`user_id`);

--
-- Indexes for table `product_images`
--
ALTER TABLE `product_images`
  ADD PRIMARY KEY (`id`),
  ADD KEY `product_images_product_id_foreign` (`product_id`);

--
-- Indexes for table `product_reminders`
--
ALTER TABLE `product_reminders`
  ADD PRIMARY KEY (`id`),
  ADD KEY `product_reminders_product_id_foreign` (`product_id`),
  ADD KEY `product_reminders_user_id_foreign` (`user_id`);

--
-- Indexes for table `product_requests`
--
ALTER TABLE `product_requests`
  ADD PRIMARY KEY (`id`),
  ADD KEY `product_requests_product_id_foreign` (`product_id`);

--
-- Indexes for table `product_variations`
--
ALTER TABLE `product_variations`
  ADD PRIMARY KEY (`id`),
  ADD KEY `product_variations_product_id_foreign` (`product_id`);

--
-- Indexes for table `product_variation_options`
--
ALTER TABLE `product_variation_options`
  ADD PRIMARY KEY (`id`),
  ADD KEY `product_variation_options_product_id_foreign` (`product_id`),
  ADD KEY `product_variation_options_product_variation_id_foreign` (`product_variation_id`);

--
-- Indexes for table `subscribers`
--
ALTER TABLE `subscribers`
  ADD PRIMARY KEY (`id`),
  ADD KEY `subscribers_user_id_foreign` (`user_id`);

--
-- Indexes for table `sub_categories`
--
ALTER TABLE `sub_categories`
  ADD PRIMARY KEY (`id`),
  ADD KEY `sub_categories_category_id_foreign` (`category_id`);

--
-- Indexes for table `temporary_orders`
--
ALTER TABLE `temporary_orders`
  ADD PRIMARY KEY (`id`),
  ADD KEY `temporary_orders_product_id_foreign` (`product_id`),
  ADD KEY `temporary_orders_user_id_foreign` (`user_id`);

--
-- Indexes for table `users`
--
ALTER TABLE `users`
  ADD PRIMARY KEY (`id`);

--
-- Indexes for table `user_infos`
--
ALTER TABLE `user_infos`
  ADD PRIMARY KEY (`id`),
  ADD KEY `user_infos_user_id_foreign` (`user_id`);

--
-- AUTO_INCREMENT for dumped tables
--

--
-- AUTO_INCREMENT for table `categories`
--
ALTER TABLE `categories`
  MODIFY `id` bigint(20) UNSIGNED NOT NULL AUTO_INCREMENT, AUTO_INCREMENT=56;

--
-- AUTO_INCREMENT for table `failed_jobs`
--
ALTER TABLE `failed_jobs`
  MODIFY `id` bigint(20) UNSIGNED NOT NULL AUTO_INCREMENT;

--
-- AUTO_INCREMENT for table `favourites`
--
ALTER TABLE `favourites`
  MODIFY `id` bigint(20) UNSIGNED NOT NULL AUTO_INCREMENT, AUTO_INCREMENT=57;

--
-- AUTO_INCREMENT for table `likes`
--
ALTER TABLE `likes`
  MODIFY `id` bigint(20) UNSIGNED NOT NULL AUTO_INCREMENT, AUTO_INCREMENT=77;

--
-- AUTO_INCREMENT for table `linked_social_accounts`
--
ALTER TABLE `linked_social_accounts`
  MODIFY `id` bigint(20) UNSIGNED NOT NULL AUTO_INCREMENT, AUTO_INCREMENT=6;

--
-- AUTO_INCREMENT for table `migrations`
--
ALTER TABLE `migrations`
  MODIFY `id` int(10) UNSIGNED NOT NULL AUTO_INCREMENT, AUTO_INCREMENT=30;

--
-- AUTO_INCREMENT for table `oauth_clients`
--
ALTER TABLE `oauth_clients`
  MODIFY `id` bigint(20) UNSIGNED NOT NULL AUTO_INCREMENT, AUTO_INCREMENT=3;

--
-- AUTO_INCREMENT for table `oauth_personal_access_clients`
--
ALTER TABLE `oauth_personal_access_clients`
  MODIFY `id` bigint(20) UNSIGNED NOT NULL AUTO_INCREMENT, AUTO_INCREMENT=2;

--
-- AUTO_INCREMENT for table `orders`
--
ALTER TABLE `orders`
  MODIFY `id` bigint(20) UNSIGNED NOT NULL AUTO_INCREMENT, AUTO_INCREMENT=179;

--
-- AUTO_INCREMENT for table `order_payments`
--
ALTER TABLE `order_payments`
  MODIFY `id` bigint(20) UNSIGNED NOT NULL AUTO_INCREMENT, AUTO_INCREMENT=122;

--
-- AUTO_INCREMENT for table `order_shipping_infos`
--
ALTER TABLE `order_shipping_infos`
  MODIFY `id` bigint(20) UNSIGNED NOT NULL AUTO_INCREMENT, AUTO_INCREMENT=85;

--
-- AUTO_INCREMENT for table `products`
--
ALTER TABLE `products`
  MODIFY `id` bigint(20) UNSIGNED NOT NULL AUTO_INCREMENT, AUTO_INCREMENT=67078;

--
-- AUTO_INCREMENT for table `product_images`
--
ALTER TABLE `product_images`
  MODIFY `id` bigint(20) UNSIGNED NOT NULL AUTO_INCREMENT, AUTO_INCREMENT=122;

--
-- AUTO_INCREMENT for table `product_reminders`
--
ALTER TABLE `product_reminders`
  MODIFY `id` bigint(20) UNSIGNED NOT NULL AUTO_INCREMENT, AUTO_INCREMENT=10;

--
-- AUTO_INCREMENT for table `product_requests`
--
ALTER TABLE `product_requests`
  MODIFY `id` bigint(20) UNSIGNED NOT NULL AUTO_INCREMENT, AUTO_INCREMENT=7;

--
-- AUTO_INCREMENT for table `product_variations`
--
ALTER TABLE `product_variations`
  MODIFY `id` bigint(20) UNSIGNED NOT NULL AUTO_INCREMENT, AUTO_INCREMENT=32;

--
-- AUTO_INCREMENT for table `product_variation_options`
--
ALTER TABLE `product_variation_options`
  MODIFY `id` bigint(20) UNSIGNED NOT NULL AUTO_INCREMENT, AUTO_INCREMENT=75;

--
-- AUTO_INCREMENT for table `subscribers`
--
ALTER TABLE `subscribers`
  MODIFY `id` bigint(20) UNSIGNED NOT NULL AUTO_INCREMENT, AUTO_INCREMENT=7;

--
-- AUTO_INCREMENT for table `sub_categories`
--
ALTER TABLE `sub_categories`
  MODIFY `id` bigint(20) UNSIGNED NOT NULL AUTO_INCREMENT, AUTO_INCREMENT=32;

--
-- AUTO_INCREMENT for table `temporary_orders`
--
ALTER TABLE `temporary_orders`
  MODIFY `id` bigint(20) UNSIGNED NOT NULL AUTO_INCREMENT, AUTO_INCREMENT=138;

--
-- AUTO_INCREMENT for table `users`
--
ALTER TABLE `users`
  MODIFY `id` bigint(20) UNSIGNED NOT NULL AUTO_INCREMENT, AUTO_INCREMENT=20;

--
-- AUTO_INCREMENT for table `user_infos`
--
ALTER TABLE `user_infos`
  MODIFY `id` bigint(20) UNSIGNED NOT NULL AUTO_INCREMENT, AUTO_INCREMENT=16;

--
-- Constraints for dumped tables
--

--
-- Constraints for table `favourites`
--
ALTER TABLE `favourites`
  ADD CONSTRAINT `favourites_product_id_foreign` FOREIGN KEY (`product_id`) REFERENCES `products` (`id`),
  ADD CONSTRAINT `favourites_user_id_foreign` FOREIGN KEY (`user_id`) REFERENCES `users` (`id`);

--
-- Constraints for table `likes`
--
ALTER TABLE `likes`
  ADD CONSTRAINT `likes_product_id_foreign` FOREIGN KEY (`product_id`) REFERENCES `products` (`id`),
  ADD CONSTRAINT `likes_user_id_foreign` FOREIGN KEY (`user_id`) REFERENCES `users` (`id`);

--
-- Constraints for table `orders`
--
ALTER TABLE `orders`
  ADD CONSTRAINT `orders_product_id_foreign` FOREIGN KEY (`product_id`) REFERENCES `products` (`id`),
  ADD CONSTRAINT `orders_user_id_foreign` FOREIGN KEY (`user_id`) REFERENCES `users` (`id`);

--
-- Constraints for table `order_payments`
--
ALTER TABLE `order_payments`
  ADD CONSTRAINT `order_payments_order_id_foreign` FOREIGN KEY (`order_id`) REFERENCES `orders` (`id`);

--
-- Constraints for table `order_shipping_infos`
--
ALTER TABLE `order_shipping_infos`
  ADD CONSTRAINT `order_shipping_infos_order_id_foreign` FOREIGN KEY (`order_id`) REFERENCES `orders` (`id`);

--
-- Constraints for table `products`
--
ALTER TABLE `products`
  ADD CONSTRAINT `products_category_id_foreign` FOREIGN KEY (`category_id`) REFERENCES `categories` (`id`) ON DELETE CASCADE,
  ADD CONSTRAINT `products_sub_category_id_foreign` FOREIGN KEY (`sub_category_id`) REFERENCES `sub_categories` (`id`) ON DELETE CASCADE,
  ADD CONSTRAINT `products_user_id_foreign` FOREIGN KEY (`user_id`) REFERENCES `users` (`id`) ON DELETE CASCADE;

--
-- Constraints for table `product_images`
--
ALTER TABLE `product_images`
  ADD CONSTRAINT `product_images_product_id_foreign` FOREIGN KEY (`product_id`) REFERENCES `products` (`id`);

--
-- Constraints for table `product_reminders`
--
ALTER TABLE `product_reminders`
  ADD CONSTRAINT `product_reminders_product_id_foreign` FOREIGN KEY (`product_id`) REFERENCES `products` (`id`),
  ADD CONSTRAINT `product_reminders_user_id_foreign` FOREIGN KEY (`user_id`) REFERENCES `users` (`id`);

--
-- Constraints for table `product_requests`
--
ALTER TABLE `product_requests`
  ADD CONSTRAINT `product_requests_product_id_foreign` FOREIGN KEY (`product_id`) REFERENCES `products` (`id`);

--
-- Constraints for table `subscribers`
--
ALTER TABLE `subscribers`
  ADD CONSTRAINT `subscribers_user_id_foreign` FOREIGN KEY (`user_id`) REFERENCES `users` (`id`);

--
-- Constraints for table `sub_categories`
--
ALTER TABLE `sub_categories`
  ADD CONSTRAINT `sub_categories_category_id_foreign` FOREIGN KEY (`category_id`) REFERENCES `categories` (`id`) ON DELETE CASCADE;

--
-- Constraints for table `temporary_orders`
--
ALTER TABLE `temporary_orders`
  ADD CONSTRAINT `temporary_orders_product_id_foreign` FOREIGN KEY (`product_id`) REFERENCES `products` (`id`),
  ADD CONSTRAINT `temporary_orders_user_id_foreign` FOREIGN KEY (`user_id`) REFERENCES `users` (`id`);

--
-- Constraints for table `user_infos`
--
ALTER TABLE `user_infos`
  ADD CONSTRAINT `user_infos_user_id_foreign` FOREIGN KEY (`user_id`) REFERENCES `users` (`id`);
COMMIT;

/*!40101 SET CHARACTER_SET_CLIENT=@OLD_CHARACTER_SET_CLIENT */;
/*!40101 SET CHARACTER_SET_RESULTS=@OLD_CHARACTER_SET_RESULTS */;
/*!40101 SET COLLATION_CONNECTION=@OLD_COLLATION_CONNECTION */;
